dataset,selection,channel,center_method,n_sessions,raw_candidate_count,mapped_candidate_count,tp,fp,fn,n_valid,n_flagged,n_channels_used,blink_region_threshold,threshold_center,threshold_dispersion,precision_macro,recall_macro,f1_macro,precision_micro,recall_micro,f1_micro,used_all_epochs
cao2018,all_channel,A1,median,58,8880.0,8880.0,1693.0,7187.0,83625.0,9187.0,4245.0,32.0,9.709002577424288e-06,-1.0814231350103329e-07,3.2723816303084406e-06,0.17337318910683247,0.02173643133156504,0.03652325492970434,0.19065315315315315,0.019843409362619847,0.035945561476889105,False
cao2018,all_channel,A2,median,58,8960.0,8960.0,2366.0,6594.0,82952.0,9187.0,4245.0,32.0,9.925379598110285e-06,1.0805814045850361e-07,3.2724404858839267e-06,0.2095035573344272,0.02716287042672208,0.0455227868038714,0.2640625,0.0277315455120842,0.05019198540486646,False
cao2018,all_channel,C3,median,58,26419.0,26419.0,20153.0,6266.0,65165.0,9187.0,4245.0,32.0,3.009883992036217e-05,-7.581126996621611e-07,1.0285650873341442e-05,0.5954036174816898,0.2434233174449535,0.3108424674211114,0.7628222112873311,0.23621041280855154,0.3607220526772689,False
cao2018,all_channel,C4,median,58,26318.0,26318.0,19488.0,6830.0,65830.0,9187.0,4245.0,32.0,3.0553330420928496e-05,-7.189661791959107e-07,1.0424098866708137e-05,0.5791878408848381,0.23353201731665613,0.301774636131728,0.7404817995288395,0.2284160435078178,0.34913468773513917,False
cao2018,all_channel,CP3,median,58,15187.0,15187.0,10601.0,4586.0,74717.0,9187.0,4245.0,32.0,2.6810992585692552e-05,-4.4184128222983734e-07,9.08427795597413e-06,0.4822490315957432,0.12681423957584628,0.17835661713257137,0.6980312109040627,0.12425279542417778,0.21095467887169791,False
cao2018,all_channel,CP4,median,58,17142.0,17142.0,12056.0,5086.0,73262.0,9187.0,4245.0,32.0,2.7874593376291253e-05,-4.796480587472896e-07,9.451413811679514e-06,0.491792465756263,0.13957804036816662,0.19558146749029887,0.7033018317582546,0.14130664103706134,0.23533086082373605,False
cao2018,all_channel,CPZ,median,58,13803.0,13803.0,9030.0,4773.0,76288.0,9187.0,4245.0,32.0,2.8899227714462503e-05,-4.461097768782216e-07,9.78177916378024e-06,0.4359844889063975,0.10300568611039526,0.14912140985337302,0.6542056074766355,0.10583933050470007,0.18220155163890597,False
cao2018,all_channel,CZ,median,58,21067.0,21067.0,14965.0,6102.0,70353.0,9187.0,4245.0,32.0,3.233987625141692e-05,-6.520225732297307e-07,1.0997299608215551e-05,0.5114121297434064,0.1737043127652194,0.23104986395545854,0.71035268429297,0.17540261140673716,0.28133665460356255,False
cao2018,all_channel,F3,median,58,57213.0,57213.0,46307.0,10906.0,39011.0,9187.0,4245.0,32.0,3.929084068128791e-05,-1.708058620003517e-06,1.366629976709714e-05,0.7264291427119212,0.5494749890598574,0.5951122182988036,0.8093789872930978,0.5427576830211679,0.6497814510527535,False
cao2018,all_channel,F4,median,58,56491.0,56491.0,44995.0,11496.0,40323.0,9187.0,4245.0,32.0,4.1496882551511104e-05,-1.7684418843131752e-06,1.4421774811941426e-05,0.717029521283007,0.5315354288833666,0.5798771334910845,0.796498557292312,0.5273799198293443,0.6345859571677397,False
cao2018,all_channel,F7,median,58,59581.0,59581.0,46985.0,12596.0,38333.0,9187.0,4245.0,32.0,3.941097597794299e-05,-1.7757859632167168e-06,1.3728920647053235e-05,0.7086440330198317,0.5709425673506499,0.6027535242106186,0.7885903224182206,0.5507044234510888,0.6485206937245944,False
cao2018,all_channel,F8,median,58,58546.0,58546.0,45126.0,13420.0,40192.0,9187.0,4245.0,32.0,3.9585749896465536e-05,-1.5624296339577373e-06,1.3716059843474423e-05,0.708267876372171,0.556885919427368,0.5971273054509225,0.7707785331192567,0.5289153519773084,0.6273424901295669,False
cao2018,all_channel,FC3,median,58,39295.0,39295.0,31396.0,7899.0,53922.0,9187.0,4245.0,32.0,3.40966952368497e-05,-1.1782597510148265e-06,1.1758318329288175e-05,0.6684614385859656,0.37336159984725453,0.4413221505817853,0.7989820587861051,0.3679879978433625,0.5038960622085978,False
cao2018,all_channel,FC4,median,58,36993.0,36993.0,28547.0,8446.0,56771.0,9187.0,4245.0,32.0,3.415645219524319e-05,-1.0324961812110225e-06,1.172964945881807e-05,0.6467288117592271,0.34414850874185565,0.40988891183285914,0.7716865352904604,0.3345952788391664,0.46679366532854766,False
cao2018,all_channel,FCZ,median,58,35770.0,35770.0,28015.0,7755.0,57303.0,9187.0,4245.0,32.0,3.600404293126863e-05,-1.0498668202123116e-06,1.2351303250493648e-05,0.6332624347787795,0.3227859032085163,0.389154434722279,0.7831982107911658,0.3283597833985794,0.46272132663847787,False
cao2018,all_channel,FP1,median,58,98266.0,98266.0,76494.0,21772.0,8824.0,9187.0,4245.0,32.0,6.0017634113001296e-05,-4.316058499901793e-06,2.144456420430103e-05,0.7400853917715696,0.905403732130872,0.7967935529219164,0.7784381169478761,0.8965751658501137,0.8333405961303817,False
cao2018,all_channel,FP2,median,58,95679.0,95679.0,74502.0,21177.0,10816.0,9187.0,4245.0,32.0,6.135495692433035e-05,-4.233210143096107e-06,2.1862722355808817e-05,0.7377892834568832,0.8793526251066184,0.7844978733014564,0.7786661649891826,0.8732272205161865,0.8232401642016165,False
cao2018,all_channel,FT7,median,58,36136.0,36136.0,27203.0,8933.0,58115.0,9187.0,4245.0,32.0,2.9452813119277756e-05,-7.877909185425135e-07,1.0080201345940089e-05,0.6211463048681019,0.33568491256144073,0.40758389925323263,0.7527949966792119,0.31884244825242036,0.44795560459103856,False
cao2018,all_channel,FT8,median,58,38290.0,38290.0,28076.0,10214.0,57242.0,9187.0,4245.0,32.0,3.058218889421062e-05,-8.113085548964761e-07,1.0464499149702367e-05,0.6433411964472465,0.34383396114792764,0.4162724693632651,0.7332462784016714,0.3290747556201505,0.4542748042197916,False
cao2018,all_channel,FZ,median,58,61023.0,61023.0,49737.0,11286.0,35581.0,9187.0,4245.0,32.0,3.9981696444135444e-05,-1.7829302868568254e-06,1.3921542243664091e-05,0.7272735179548798,0.5557792470224365,0.5969816997071578,0.8150533405437295,0.582960219414426,0.6797411525136495,False
cao2018,all_channel,O1,median,58,5892.0,5892.0,1301.0,4591.0,84017.0,9187.0,4245.0,32.0,2.105532792865985e-05,9.938854343226347e-09,7.015129691438874e-06,0.22719208394566184,0.01838826022861405,0.03100067205054838,0.22080787508486083,0.015248833774818912,0.02852757373095055,False
cao2018,all_channel,O2,median,58,5466.0,5466.0,1387.0,4079.0,83931.0,9187.0,4245.0,32.0,2.107867483461631e-05,-2.7363120698252447e-08,7.035345985104853e-06,0.25643605342194226,0.019234102628276812,0.0332888102516231,0.25375045737285035,0.0162568273986732,0.03055604511808248,False
cao2018,all_channel,OZ,median,58,5355.0,5355.0,1203.0,4152.0,84115.0,9187.0,4245.0,32.0,2.048156495335591e-05,-2.9544786983406958e-08,6.837036580113105e-06,0.22470610346854059,0.016034617515736944,0.028110068222551243,0.2246498599439776,0.01410018987786868,0.02653491116429367,False
cao2018,all_channel,P3,median,58,11572.0,11572.0,7104.0,4468.0,78214.0,9187.0,4245.0,32.0,2.5230201446376013e-05,-3.206674589277486e-07,8.516956301767921e-06,0.42477604685080667,0.08468094091354642,0.12803418008733378,0.6138956100933287,0.08326496167280058,0.14664052017752088,False
cao2018,all_channel,P4,median,58,11379.0,11379.0,7189.0,4190.0,78129.0,9187.0,4245.0,32.0,2.5794308151357937e-05,-3.1866696468206574e-07,8.70432503868e-06,0.4288440085770194,0.08314391702428232,0.12674172185462718,0.6317778363652342,0.08426123444056353,0.14869127273855445,False
cao2018,all_channel,PZ,median,58,9050.0,9050.0,5193.0,3857.0,80125.0,9187.0,4245.0,32.0,2.6876969020541554e-05,-2.93290782026489e-07,9.056753267522682e-06,0.388555951589305,0.061970527272014506,0.09799188382574359,0.5738121546961326,0.06086640568227103,0.11005849440488302,False
cao2018,all_channel,T3,median,58,24808.0,24808.0,16081.0,8727.0,69237.0,9187.0,4245.0,32.0,2.5529124314407874e-05,-4.4914045099392636e-07,8.659421588467266e-06,0.5241663315325339,0.18845491290851807,0.2558015570706136,0.6482183166720413,0.18848308680466022,0.29204729128452867,False
cao2018,all_channel,T4,median,58,23302.0,23302.0,13757.0,9545.0,71561.0,9187.0,4245.0,32.0,2.5485836994284917e-05,-3.5133201475760285e-07,8.61238966968084e-06,0.5351355099369759,0.16697715467154187,0.23633211780786922,0.5903785082825509,0.16124381724841183,0.2533051003498435,False
cao2018,all_channel,T5,median,58,9563.0,9563.0,4664.0,4899.0,80654.0,9187.0,4245.0,32.0,1.9494326859457825e-05,-1.257216395962282e-07,6.5400161663513514e-06,0.3538933161548861,0.05979274886657335,0.09258170290244637,0.4877130607549932,0.05466607280995804,0.09831262318061572,False
cao2018,all_channel,T6,median,58,9382.0,9382.0,4462.0,4920.0,80856.0,9187.0,4245.0,32.0,2.0075709990529344e-05,-7.82313118242225e-08,6.717980434117857e-06,0.3512686316439241,0.05212232454449098,0.08302975009993971,0.47559155830313365,0.0522984598795096,0.09423442449841606,False
cao2018,all_channel,TP7,median,58,15085.0,15085.0,7556.0,7529.0,77762.0,9187.0,4245.0,32.0,2.0569483205735792e-05,-2.0869146916531564e-07,6.926058224967036e-06,0.4102355655520682,0.0911922754088376,0.13520148609071558,0.5008949287371561,0.08856278862608125,0.15051343087357946,False
cao2018,all_channel,TP8,median,58,14847.0,14847.0,8532.0,6315.0,76786.0,9187.0,4245.0,32.0,2.1132317543440717e-05,-1.9395222971133424e-07,7.108756591050685e-06,0.4481354549223778,0.09817052775471113,0.14865646704997634,0.5746615477874318,0.10000234417121827,0.1703589078021265,False
cao2018,all_channel,A1,mean,58,8545.0,8545.0,1648.0,6897.0,83670.0,9187.0,4245.0,32.0,9.816793546256111e-06,-3.513446692100045e-10,3.2723816303084406e-06,0.17343354671484693,0.021052088309521284,0.0356110334755755,0.19286132241076653,0.019315970838510044,0.03511500804363807,False
cao2018,all_channel,A2,mean,58,9161.0,9161.0,2390.0,6771.0,82928.0,9187.0,4245.0,32.0,9.817669979846581e-06,3.485221948013439e-10,3.2724404858839267e-06,0.20875285285864417,0.027506311746814387,0.04607709103929373,0.26088854928501254,0.028012846058276097,0.05059325352723886,False
cao2018,all_channel,C3,mean,58,24061.0,24061.0,18186.0,5875.0,67132.0,9187.0,4245.0,32.0,3.085929447538703e-05,2.3418553626985113e-09,1.0285650873341442e-05,0.5927487318843633,0.2242190367538851,0.29274250711441313,0.7558289347907402,0.21315548887690758,0.3325318388356083,False
cao2018,all_channel,C4,mean,58,23947.0,23947.0,17559.0,6388.0,67759.0,9187.0,4245.0,32.0,3.1274909029840976e-05,2.6124297165629825e-09,1.0424098866708137e-05,0.5764356167018658,0.21478875649761753,0.2842263834076081,0.7332442477137011,0.20580651210764433,0.3214020958220839,False
cao2018,all_channel,CP3,mean,58,13762.0,13762.0,9388.0,4374.0,75930.0,9187.0,4245.0,32.0,2.7254705856351298e-05,1.8719884289062907e-09,9.08427795597413e-06,0.47802700803466924,0.11507028086165642,0.16519620858597617,0.6821682894928063,0.11003539698539581,0.18950343157044813,False
cao2018,all_channel,CP4,mean,58,15607.0,15607.0,10791.0,4816.0,74527.0,9187.0,4245.0,32.0,2.8355557719255495e-05,1.316284216952815e-09,9.451413811679514e-06,0.49180961082453417,0.12766386008075328,0.18261423483386113,0.6914205164349331,0.12647975808153028,0.21384196185286103,False
cao2018,all_channel,CPZ,mean,58,12560.0,12560.0,7995.0,4565.0,77323.0,9187.0,4245.0,32.0,2.9347404372746343e-05,2.0668814056165066e-09,9.78177916378024e-06,0.43335453357253134,0.09288166727392834,0.13708118000989586,0.6365445859872612,0.09370824445017464,0.16336664010298535,False
cao2018,all_channel,CZ,mean,58,19034.0,19034.0,13330.0,5704.0,71988.0,9187.0,4245.0,32.0,3.2994519519363696e-05,2.620694717040492e-09,1.0997299608215551e-05,0.5104776946594737,0.15816797714984693,0.21531286744287226,0.7003257328990228,0.1562390116974144,0.2554814474087703,False
cao2018,all_channel,F3,mean,58,53179.0,53179.0,43283.0,9896.0,42035.0,9187.0,4245.0,32.0,4.1005677795659725e-05,6.778494368299308e-09,1.366629976709714e-05,0.7298757076838611,0.5215100094712564,0.5750597774872591,0.8139115064217078,0.5073138142009892,0.6250388095048991,False
cao2018,all_channel,F4,mean,58,52617.0,52617.0,42148.0,10469.0,43170.0,9187.0,4245.0,32.0,4.325955936339828e-05,-5.765072425996034e-09,1.4421774811941426e-05,0.72173330739471,0.5055585902324365,0.5613632639010685,0.8010338863865291,0.4940106425373309,0.6111284300576358,False
cao2018,all_channel,F7,mean,58,55493.0,55493.0,44019.0,11474.0,41299.0,9187.0,4245.0,32.0,4.1189202287281545e-05,2.4403461218383384e-09,1.3728920647053235e-05,0.7134001108837477,0.5427285081527101,0.5845072812912021,0.7932351828158506,0.5159403642842073,0.6252210409698106,False
cao2018,all_channel,F8,mean,58,54339.0,54339.0,41976.0,12363.0,43342.0,9187.0,4245.0,32.0,4.1156388066528805e-05,8.208536105533678e-09,1.3716059843474423e-05,0.7132481107688483,0.5273994072591134,0.5775633898663463,0.7724838513774637,0.49199465528962233,0.6011299111394344,False
cao2018,all_channel,FC3,mean,58,36284.0,36284.0,29074.0,7210.0,56244.0,9187.0,4245.0,32.0,3.527800231945335e-05,3.047331588821821e-09,1.1758318329288175e-05,0.6699320110479512,0.35030569817364365,0.4222736230310202,0.8012898247161283,0.34077216999929677,0.47818292462295026,False
cao2018,all_channel,FC4,mean,58,34194.0,34194.0,26392.0,7802.0,58926.0,9187.0,4245.0,32.0,3.51923121789721e-05,3.3638025178886595e-09,1.172964945881807e-05,0.6474359257003781,0.32336271534721617,0.39235541848402955,0.7718313154354565,0.3093368339623526,0.44166276189838677,False
cao2018,all_channel,FCZ,mean,58,32804.0,32804.0,25679.0,7125.0,59639.0,9187.0,4245.0,32.0,3.705625147226727e-05,2.3417207863241993e-09,1.2351303250493648e-05,0.6338146602882959,0.30080132760474754,0.3708102505838076,0.7828008779417144,0.3009798635692351,0.4347877618055908,False
cao2018,all_channel,FP1,mean,58,93912.0,93912.0,74091.0,19821.0,11227.0,9187.0,4245.0,32.0,6.434687381402599e-05,1.31812011228977e-08,2.144456420430103e-05,0.7529454830919936,0.8857693553066166,0.7938676599451441,0.7889407104523384,0.8684099486626503,0.8267700719745579,False
cao2018,all_channel,FP2,mean,58,91152.0,91152.0,71828.0,19324.0,13490.0,9187.0,4245.0,32.0,6.561007768338883e-05,2.191061596237082e-08,2.1862722355808817e-05,0.7505699084347176,0.8579807486062907,0.7801484148930433,0.7880024574337371,0.841885651327973,0.8140533801779339,False
cao2018,all_channel,FT7,mean,58,33554.0,33554.0,25212.0,8342.0,60106.0,9187.0,4245.0,32.0,3.0239107649752813e-05,-1.4963880674536098e-09,1.0080201345940089e-05,0.6232927480461881,0.31567370218896795,0.39116576776859896,0.7513858258329856,0.2955062237745845,0.4241873611952352,False
cao2018,all_channel,FT8,mean,58,35948.0,35948.0,26285.0,9663.0,59033.0,9187.0,4245.0,32.0,3.139565841519157e-05,2.1609660844675596e-09,1.0464499149702367e-05,0.6459429663995018,0.32582702857355805,0.4016735386336768,0.7311950595304328,0.30808270236058044,0.4335098048917257,False
cao2018,all_channel,FZ,mean,58,56864.0,56864.0,46701.0,10163.0,38617.0,9187.0,4245.0,32.0,4.176701860068521e-05,2.391869692935661e-09,1.3921542243664091e-05,0.7329584269470916,0.5283618904523845,0.5787232129473985,0.8212753235790659,0.5473757003211515,0.6569185972907964,False
cao2018,all_channel,O1,mean,58,5855.0,5855.0,1268.0,4587.0,84050.0,9187.0,4245.0,32.0,2.1045854846864864e-05,4.657725482399118e-10,7.015129691438874e-06,0.22787066862455055,0.018015738135226455,0.03045533747739663,0.2165670367207515,0.01486204552380506,0.027815252322507762,False
cao2018,all_channel,O2,mean,58,5395.0,5395.0,1345.0,4050.0,83973.0,9187.0,4245.0,32.0,2.1106367193522564e-05,3.2923820800384555e-10,7.035345985104853e-06,0.25862338714340244,0.01886298845650894,0.0326789260887152,0.24930491195551435,0.015764551442837386,0.02965396359948409,False
cao2018,all_channel,OZ,mean,58,5298.0,5298.0,1162.0,4136.0,84156.0,9187.0,4245.0,32.0,2.0511755161269787e-05,6.454209304716465e-10,6.837036580113105e-06,0.22261945911227796,0.01559204576427608,0.02737635344688576,0.2193280483201208,0.013619634778124194,0.025646684912156794,False
cao2018,all_channel,P3,mean,58,10563.0,10563.0,6296.0,4267.0,79022.0,9187.0,4245.0,32.0,2.55530994726615e-05,2.23056735773749e-09,8.516956301767921e-06,0.4198757842590788,0.07659285974142525,0.11774745199586997,0.5960427908738047,0.07379450995100682,0.1313294604770497,False
cao2018,all_channel,P4,mean,58,10502.0,10502.0,6493.0,4009.0,78825.0,9187.0,4245.0,32.0,2.6114735588556268e-05,1.7604725162666108e-09,8.70432503868e-06,0.4279229068966024,0.0762367601416065,0.11772278412293229,0.6182631879641973,0.07610351860099862,0.13552494260070966,False
cao2018,all_channel,PZ,mean,58,8333.0,8333.0,4638.0,3695.0,80680.0,9187.0,4245.0,32.0,2.7172182634734803e-05,1.922832166758167e-09,9.056753267522682e-06,0.38709782330634096,0.05621459156722954,0.09021941230600575,0.5565822632905316,0.05436133055158349,0.09904859531665439,False
cao2018,all_channel,T3,mean,58,23176.0,23176.0,14702.0,8474.0,70616.0,9187.0,4245.0,32.0,2.597676021018284e-05,-1.5045552189653787e-09,8.659421588467266e-06,0.5200308851713468,0.1751617152499476,0.24141670270470547,0.6343631342768381,0.17232002625471765,0.27101959555367117,False
cao2018,all_channel,T4,mean,58,22203.0,22203.0,12876.0,9327.0,72442.0,9187.0,4245.0,32.0,2.583520364205401e-05,-1.9653669885113353e-09,8.61238966968084e-06,0.5341303263276369,0.15792721898093026,0.225532767455375,0.5799216322118632,0.15091774303195105,0.2395067010165456,False
cao2018,all_channel,T5,mean,58,9083.0,9083.0,4285.0,4798.0,81033.0,9187.0,4245.0,32.0,1.9620520104839207e-05,4.716057851532778e-10,6.5400161663513514e-06,0.3529708724058093,0.055783135421616156,0.08753463172897892,0.47176043157547065,0.05022386835134438,0.0907829366214341,False
cao2018,all_channel,T6,mean,58,9051.0,9051.0,4189.0,4862.0,81129.0,9187.0,4245.0,32.0,2.0154293445637337e-05,3.521432837678794e-10,6.717980434117857e-06,0.3494447738901536,0.049464370907698264,0.07952856894298845,0.4628217876477737,0.04909866616657681,0.08877915417139104,False
cao2018,all_channel,TP7,mean,58,14370.0,14370.0,7006.0,7364.0,78312.0,9187.0,4245.0,32.0,2.0782173590019158e-05,3.998915118048948e-09,6.926058224967036e-06,0.4091686694394508,0.085603789002989,0.1287106622760086,0.4875434933890049,0.08211631777585035,0.14055854265307763,False
cao2018,all_channel,TP8,mean,58,14108.0,14108.0,7930.0,6178.0,77388.0,9187.0,4245.0,32.0,2.132704697183891e-05,7.77198686855039e-10,7.108756591050685e-06,0.4462637109287856,0.09234734627507518,0.1411782447719174,0.5620924298270484,0.09294638880423826,0.1595156196568302,False
cao2018,central,C3,median,58,22705.0,22705.0,17501.0,5204.0,67817.0,9187.0,1800.0,6.0,3.182209390214245e-05,-7.758220630892936e-07,1.0865971988410583e-05,0.58631150358861,0.211209825125349,0.2766645686798265,0.7707993833957278,0.20512670245434728,0.324023587569314,MIXED
cao2018,central,C4,median,58,22364.0,22364.0,16715.0,5649.0,68603.0,9187.0,1800.0,6.0,3.250145320311344e-05,-7.250716780653203e-07,1.1075508293726252e-05,0.5724263277178928,0.1992696227662333,0.26617030750313375,0.7474065462350206,0.19591410956656274,0.3104511431808473,MIXED
cao2018,central,FC3,median,58,34299.0,34299.0,27804.0,6495.0,57514.0,9187.0,1800.0,6.0,3.622543117088905e-05,-1.166764775337206e-06,1.2464065315408753e-05,0.6723581135846908,0.33153891593010215,0.4052319235102003,0.8106358785970437,0.325886682763309,0.4648837539814575,MIXED
cao2018,central,FC4,median,58,32284.0,32284.0,25236.0,7048.0,60082.0,9187.0,1800.0,6.0,3.640432419516206e-05,-1.0262405087740712e-06,1.2476854901312045e-05,0.6473584636817544,0.3027853788455018,0.37254504447609865,0.7816875232313221,0.2957875243207764,0.42917637455145324,MIXED
cao2018,central,FT7,median,58,30255.0,30255.0,23107.0,7148.0,62211.0,9187.0,1800.0,6.0,3.173178658051452e-05,-7.823540373625849e-07,1.0838046872625703e-05,0.6224448846261288,0.28824239520641215,0.3626398101384176,0.763741530325566,0.27083382170233716,0.39986848139271286,MIXED
cao2018,central,FT8,median,58,32841.0,32841.0,24419.0,8422.0,60899.0,9187.0,1800.0,6.0,3.3057903374251386e-05,-7.669046071615366e-07,1.1274935993804308e-05,0.6483991006638197,0.2975155546398452,0.37440333755521205,0.743552266983344,0.28621158489416065,0.41332441879162823,MIXED
cao2018,central,C3,mean,58,20393.0,20393.0,15586.0,4807.0,69732.0,9187.0,1800.0,6.0,3.2600055242440186e-05,2.139277208440319e-09,1.0865971988410583e-05,0.5855796316500128,0.19243587867990758,0.2585074474059187,0.7642818614230373,0.1826812630394524,0.29487943544191236,MIXED
cao2018,central,C4,mean,58,20192.0,20192.0,14916.0,5276.0,70402.0,9187.0,1800.0,6.0,3.322959478190507e-05,3.069900726316206e-09,1.1075508293726252e-05,0.5687557595978392,0.18158868911079667,0.24847518161072552,0.7387083993660856,0.17482828945826204,0.28274097241967583,MIXED
cao2018,central,FC3,mean,58,31452.0,31452.0,25454.0,5998.0,59864.0,9187.0,1800.0,6.0,3.739387791895712e-05,1.681972730860186e-09,1.2464065315408753e-05,0.6700624368450657,0.3085882833051197,0.3848644385967191,0.8092967060918225,0.2983426709486861,0.43596814250235505,MIXED
cao2018,central,FC4,mean,58,29659.0,29659.0,23088.0,6571.0,62230.0,9187.0,1800.0,6.0,3.7433381156342395e-05,2.8164524062631354e-09,1.2476854901312045e-05,0.6435500353891088,0.28209623880967066,0.35351124847336446,0.7784483630601167,0.2706111254366019,0.40161075693399545,MIXED
cao2018,central,FT7,mean,58,28055.0,28055.0,21300.0,6755.0,64018.0,9187.0,1800.0,6.0,3.25089034353442e-05,-5.237182532909312e-09,1.0838046872625703e-05,0.6214564734646565,0.2702585239467499,0.3462935666379276,0.7592229549099982,0.2496542347453058,0.375750840147125,MIXED
cao2018,central,FT8,mean,58,30972.0,30972.0,22909.0,8063.0,62409.0,9187.0,1800.0,6.0,3.382593566730562e-05,1.127685892696352e-09,1.1274935993804308e-05,0.6487785675114447,0.2825717078065478,0.3614445268219216,0.7396680873046623,0.268513092196254,0.3939977642101642,MIXED
cao2018,central_left,C3,median,58,20989.0,20989.0,15989.0,5000.0,69329.0,9187.0,1378.0,3.0,3.2376603660802595e-05,-7.467166529934588e-07,1.1041106771265354e-05,0.5858777975568394,0.1981075385441186,0.2611837662920587,0.7617799799895183,0.18740476804425796,0.3008080371000969,MIXED
cao2018,central_left,FC3,median,58,32235.0,32235.0,26027.0,6208.0,59291.0,9187.0,1378.0,3.0,3.704087136786252e-05,-1.1422291208809575e-06,1.2727700162914492e-05,0.6725604364563904,0.3158558145784131,0.39034339473965357,0.8074143012253762,0.3050587214890176,0.4428130290166989,MIXED
cao2018,central_left,FT7,median,58,27116.0,27116.0,20542.0,6574.0,64776.0,9187.0,1378.0,3.0,3.2953228716357995e-05,-7.640315214515811e-07,1.1239086745936523e-05,0.6192506842464801,0.26405789245395045,0.3376304344578567,0.7575601121109308,0.2407698258280785,0.3654054823274098,MIXED
cao2018,central_left,C3,mean,58,18862.0,18862.0,14231.0,4631.0,71087.0,9187.0,1378.0,3.0,3.312606417645127e-05,2.7438626552137695e-09,1.1041106771265354e-05,0.5828953628591267,0.18046383727699344,0.2431671799291216,0.7544799066907009,0.16679950303570173,0.2732002303705126,MIXED
cao2018,central_left,FC3,mean,58,29357.0,29357.0,23651.0,5706.0,61667.0,9187.0,1378.0,3.0,3.818693607140072e-05,3.8355826572390154e-09,1.2727700162914492e-05,0.6702520847965537,0.29278024298756716,0.36974865398477924,0.8056340906768403,0.27720996741602005,0.4124874645737955,MIXED
cao2018,central_left,FT7,mean,58,25116.0,25116.0,18904.0,6212.0,66414.0,9187.0,1378.0,3.0,3.3716640125861863e-05,-6.201119477089427e-10,1.1239086745936523e-05,0.619494056224192,0.24727208915589696,0.3213852516531961,0.7526676222328397,0.22157106355048173,0.34235833167321655,MIXED
cao2018,central_right,C4,median,58,22849.0,22849.0,17476.0,5373.0,67842.0,9187.0,1232.0,3.0,3.271445366585874e-05,-7.272624805525549e-07,1.1147238715470432e-05,0.5657376737453077,0.20009890167782873,0.26265435248553093,0.7648474769136505,0.20483368105206404,0.3231299749461481,MIXED
cao2018,central_right,FC4,median,58,32044.0,32044.0,25217.0,6827.0,60101.0,9187.0,1232.0,3.0,3.657455274185681e-05,-1.0099426798140452e-06,1.2528165140556953e-05,0.6452361159585049,0.2985696236774186,0.36543905214539607,0.7869491948570715,0.29556482805504114,0.42973023636270685,MIXED
cao2018,central_right,FT8,median,58,32517.0,32517.0,24290.0,8227.0,61028.0,9187.0,1232.0,3.0,3.320004089976968e-05,-7.375255297517055e-07,1.1312522143173797e-05,0.6494083234224726,0.29131461455371876,0.36645337428250147,0.7469938801242427,0.2846995944583792,0.4122713964441805,MIXED
cao2018,central_right,C4,mean,58,20994.0,20994.0,15930.0,5064.0,69388.0,9187.0,1232.0,3.0,3.3445860172500525e-05,4.144026089236208e-09,1.1147238715470432e-05,0.5612782715065763,0.1846997128126841,0.24761671163125493,0.758788225207202,0.18671323753486954,0.29968394913086005,MIXED
cao2018,central_right,FC4,mean,58,29887.0,29887.0,23551.0,6336.0,61767.0,9187.0,1232.0,3.0,3.758818400347852e-05,3.688581807662575e-09,1.2528165140556953e-05,0.6434616400536178,0.28143955449211866,0.349128907417282,0.7880014722119986,0.27603788180688715,0.4088537823879172,MIXED
cao2018,central_right,FT8,mean,58,31051.0,31051.0,23214.0,7837.0,62104.0,9187.0,1232.0,3.0,3.393834077970918e-05,7.743501877833012e-10,1.1312522143173797e-05,0.6501833789471977,0.2795951339494035,0.35616917490903727,0.7476087726643265,0.27208795330410934,0.3989722348735488,MIXED
cao2018,f3_only,F3,median,58,42833.0,42833.0,35454.0,7379.0,49864.0,9187.0,1081.0,1.0,4.5841138547759654e-05,-1.7349645961454186e-06,1.5858701047968357e-05,0.7132249438825026,0.43231457274323565,0.4929897399977715,0.8277262858076716,0.4155512318619752,0.5533160100194302,MIXED
cao2018,f3_only,F3,mean,58,39259.0,39259.0,32606.0,6653.0,52712.0,9187.0,1081.0,1.0,4.759462340548081e-05,1.8520261575737248e-08,1.5858701047968357e-05,0.714305937173841,0.4042283413217506,0.4718740367823778,0.8305356733487863,0.3821702337138705,0.5234674137280558,MIXED
cao2018,f4_only,F4,median,58,44396.0,44396.0,36408.0,7988.0,48910.0,9187.0,802.0,1.0,4.928860373728604e-05,-1.7616032324281551e-06,1.70167356565714e-05,0.7001834184353709,0.4266507378626306,0.49025412851873224,0.8200738805297775,0.42673292857310297,0.5613580646653406,MIXED
cao2018,f4_only,F4,mean,58,41479.0,41479.0,34160.0,7319.0,51158.0,9187.0,802.0,1.0,5.10051967548948e-05,-4.501021481939769e-08,1.70167356565714e-05,0.7008332353877994,0.40431807682631066,0.4723145596363386,0.8235492658935847,0.40038444407979557,0.5388140097951843,MIXED
cao2018,fp1_only,FP1,median,58,86411.0,86411.0,70116.0,16295.0,15202.0,9187.0,1770.0,1.0,6.663808879342725e-05,-4.747830440005119e-06,2.3795306411144126e-05,0.7617060174456486,0.8439385030645428,0.776535020494682,0.8114244714214626,0.8218195456996179,0.8165889279038485,MIXED
cao2018,fp1_only,FP1,mean,58,81620.0,81620.0,67269.0,14351.0,18049.0,9187.0,1770.0,1.0,7.142244421636512e-05,3.652498293274174e-08,2.3795306411144126e-05,0.7763759735208918,0.8164574778767896,0.7692034193163522,0.8241729968145063,0.7884502684076045,0.8059159688027892,MIXED
cao2018,fp2_only,FP2,median,58,83062.0,83062.0,67029.0,16033.0,18289.0,9187.0,1575.0,1.0,6.929929996070875e-05,-4.896626656148161e-06,2.4731975538952304e-05,0.7623789876049301,0.8068021282022592,0.7558584812885873,0.8069755122679444,0.7856372629456856,0.7961634398384605,MIXED
cao2018,fp2_only,FP2,mean,58,78119.0,78119.0,64070.0,14049.0,21248.0,9187.0,1575.0,1.0,7.427103936487118e-05,7.511274801427035e-08,2.4731975538952304e-05,0.7767699391806989,0.7780138846254077,0.7467171326262346,0.8201589882102945,0.7509552497714433,0.7840329913055183,MIXED
cao2018,frontal,F3,median,58,50322.0,50322.0,41037.0,9285.0,44281.0,9187.0,2313.0,4.0,4.1420645335411065e-05,-1.9052229614288085e-06,1.4441956098946628e-05,0.718428817847955,0.5069015995143547,0.5596601652418928,0.8154882556337189,0.4809887714198645,0.6050869949867297,MIXED
cao2018,frontal,F4,median,58,49961.0,49961.0,40189.0,9772.0,45129.0,9187.0,2313.0,4.0,4.397337125718401e-05,-1.9276148672174446e-06,1.5300328708133818e-05,0.7078241432633476,0.4911308318364462,0.5464168103848036,0.8044074378014852,0.4710494854544176,0.5941646523111496,MIXED
cao2018,frontal,FP1,median,58,90745.0,90745.0,72425.0,18320.0,12893.0,9187.0,2313.0,4.0,6.543867499485784e-05,-4.774301915793552e-06,2.3404325636883796e-05,0.7574472868323829,0.8703743053350512,0.7880276620113862,0.7981155986555734,0.8488830024144963,0.8227168683937,MIXED
cao2018,frontal,FP2,median,58,87311.0,87311.0,69749.0,17562.0,15569.0,9187.0,2313.0,4.0,6.691212300738444e-05,-4.672070740302507e-06,2.386139791589565e-05,0.7540672722946218,0.8366173923430951,0.7704743322013211,0.7988569596041736,0.8175179915141002,0.8080797548499962,MIXED
cao2018,frontal,F3,mean,58,46064.0,46064.0,37720.0,8344.0,47598.0,9187.0,2313.0,4.0,4.332220029116894e-05,-3.6680056709395527e-09,1.4441956098946628e-05,0.7197642551249114,0.47254108531277195,0.5341448506965479,0.8188607155262244,0.4421106917649265,0.574203467750529,MIXED
cao2018,frontal,F4,mean,58,46009.0,46009.0,37110.0,8899.0,48208.0,9187.0,2313.0,4.0,4.588015210918221e-05,-2.0834015219245358e-08,1.5300328708133818e-05,0.7104843131515787,0.460106701794316,0.5234931835538901,0.8065813210458823,0.43496096954921587,0.5651541571801686,MIXED
cao2018,frontal,FP1,mean,58,85736.0,85736.0,69317.0,16419.0,16001.0,9187.0,2313.0,4.0,7.022378083195062e-05,1.0803921299233051e-08,2.3404325636883796e-05,0.7712854754290602,0.843466427943775,0.7810205605210371,0.808493514976206,0.8124545816826461,0.8104692085540239,MIXED
cao2018,frontal,FP2,mean,58,82214.0,82214.0,66529.0,15685.0,18789.0,9187.0,2313.0,4.0,7.160482024825578e-05,2.062650056882538e-08,2.386139791589565e-05,0.7679227762368019,0.808779794821769,0.7621560256577231,0.8092174082273093,0.7797768349000211,0.7942243869827855,MIXED
cao2018,frontal_left,F3,median,58,47733.0,47733.0,39057.0,8676.0,46261.0,9187.0,2088.0,2.0,4.235797900570478e-05,-1.8962520286653825e-06,1.4751410344790053e-05,0.714992646710182,0.4889169498362554,0.541191177870771,0.8182389541826409,0.45778147635903327,0.5870981803969906,MIXED
cao2018,frontal_left,FP1,median,58,87847.0,87847.0,70402.0,17445.0,14916.0,9187.0,2088.0,2.0,6.690341961930749e-05,-4.785905477027949e-06,2.389644169877848e-05,0.7603977708176702,0.8549774821750102,0.7809575713084788,0.8014160984438854,0.825171710541738,0.8131204342678948,MIXED
cao2018,frontal_left,F3,mean,58,43739.0,43739.0,35934.0,7805.0,49384.0,9187.0,2088.0,2.0,4.425304429673621e-05,-1.1867376339532647e-09,1.4751410344790053e-05,0.7177126179596087,0.456247559438275,0.5172166195426229,0.8215551338622282,0.4211772427858131,0.5568702201352891,MIXED
cao2018,frontal_left,FP1,mean,58,82761.0,82761.0,67177.0,15584.0,18141.0,9187.0,2088.0,2.0,7.171184206967199e-05,2.251697333654406e-08,2.389644169877848e-05,0.7741180718716267,0.8261228755216201,0.7719910775997753,0.8116987469943573,0.7873719496472023,0.799350305511099,MIXED
cao2018,frontal_right,F4,median,58,48943.0,48943.0,39207.0,9736.0,46111.0,9187.0,1761.0,2.0,4.426959375194247e-05,-1.9764946385845534e-06,1.541536279684234e-05,0.7053672739077406,0.47859850919754754,0.5311827412671666,0.8010747195717467,0.4595396047727326,0.5840415310477354,MIXED
cao2018,frontal_right,FP2,median,58,85491.0,85491.0,68671.0,16820.0,16647.0,9187.0,1761.0,2.0,6.735689315248533e-05,-4.7251353089991385e-06,2.402734282049482e-05,0.7609127768647682,0.8208530150012213,0.7656760356432079,0.8032541437110339,0.8048829086476477,0.8040677013506314,MIXED
cao2018,frontal_right,F4,mean,58,45468.0,45468.0,36687.0,8781.0,48631.0,9187.0,1761.0,2.0,4.621718078716639e-05,-2.8907603360632743e-08,1.541536279684234e-05,0.7103958997371937,0.45092116712459707,0.5109433921169669,0.8068751649511745,0.4300030474225838,0.561023351123209,MIXED
cao2018,frontal_right,FP2,mean,58,80620.0,80620.0,65735.0,14885.0,19583.0,9187.0,1761.0,2.0,7.213456910450264e-05,5.254064301816944e-08,2.402734282049482e-05,0.7762741300701003,0.7932177972332891,0.7575933814382514,0.8153683949392211,0.770470475163506,0.7922838650580337,MIXED
cao2018,occipital,O1,median,58,4262.0,4262.0,982.0,3280.0,84336.0,9187.0,1515.0,6.0,2.301193641444638e-05,2.5697534071756188e-08,7.662079626791542e-06,0.21585486174000093,0.013645186055638511,0.024025163210745663,0.23040825903331769,0.01150988068168499,0.02192453672694798,MIXED
cao2018,occipital,O2,median,58,3952.0,3952.0,1061.0,2891.0,84257.0,9187.0,1515.0,6.0,2.294208681407782e-05,2.2084053092221444e-09,7.6466261362562e-06,0.24802259667805077,0.014511679328759292,0.02606840292320319,0.2684716599190283,0.012435828312899974,0.0237705836227176,MIXED
cao2018,occipital,P3,median,58,8863.0,8863.0,5547.0,3316.0,79771.0,9187.0,1515.0,6.0,2.713618037965946e-05,-2.8633821817391794e-07,9.140839532611126e-06,0.4073785683704689,0.06341623190468418,0.1003628537033577,0.6258603181766896,0.06501558873860147,0.1177944596043788,MIXED
cao2018,occipital,P4,median,58,8751.0,8751.0,5650.0,3101.0,79668.0,9187.0,1515.0,6.0,2.7710900274219652e-05,-2.6786936049141266e-07,9.326256544903687e-06,0.40940588830150293,0.06281533543393897,0.0986239200028873,0.6456404982287739,0.06622283691600835,0.12012458939714464,MIXED
cao2018,occipital,T5,median,58,7060.0,7060.0,3603.0,3457.0,81715.0,9187.0,1515.0,6.0,2.1320254023142662e-05,-7.681771911196491e-08,7.132357247418209e-06,0.34883487891003406,0.044234757318828366,0.07199682184426591,0.5103399433427762,0.04223024449705807,0.07800558574552384,MIXED
cao2018,occipital,T6,median,58,7243.0,7243.0,3602.0,3641.0,81716.0,9187.0,1515.0,6.0,2.1929063886252777e-05,-3.037375243341609e-08,7.319812546228732e-06,0.3437319139777034,0.03989688186942988,0.06393895762175192,0.49730774540936074,0.04221852364096674,0.0778297555125809,MIXED
cao2018,occipital,O1,mean,58,4236.0,4236.0,965.0,3271.0,84353.0,9187.0,1515.0,6.0,2.2982134398496087e-05,-4.10448187853632e-09,7.662079626791542e-06,0.21720561397300603,0.013474677512181175,0.023793441280140413,0.22780925401322002,0.0113106261281324,0.021551242825557763,MIXED
cao2018,occipital,O2,mean,58,3909.0,3909.0,1008.0,2901.0,84310.0,9187.0,1515.0,6.0,2.29369674126723e-05,-2.910996096297833e-09,7.6466261362562e-06,0.24361197794758135,0.013835911784260389,0.024979974118683683,0.2578664620107444,0.011814622940059543,0.02259405785244377,MIXED
cao2018,occipital,P3,mean,58,8130.0,8130.0,4926.0,3204.0,80392.0,9187.0,1515.0,6.0,2.742166640972217e-05,-8.521881112064066e-10,9.140839532611126e-06,0.4065881094358877,0.057911808145357645,0.09279269943544086,0.6059040590405904,0.05773693710588621,0.10542761749850184,MIXED
cao2018,occipital,P4,mean,58,8182.0,8182.0,5181.0,3001.0,80137.0,9187.0,1515.0,6.0,2.797860768499869e-05,-1.6194971236958681e-10,9.326256544903687e-06,0.40927491060988647,0.058444610009911906,0.09280906838997484,0.6332192617941823,0.06072575540917509,0.1108235294117647,MIXED
cao2018,occipital,T5,mean,58,6741.0,6741.0,3350.0,3391.0,81968.0,9187.0,1515.0,6.0,2.1394033249445137e-05,-3.038492809489549e-09,7.132357247418209e-06,0.3464670836343137,0.04189078334149011,0.06870821254232042,0.49695890817386146,0.03926486790595185,0.0727794132024028,MIXED
cao2018,occipital,T6,mean,58,7085.0,7085.0,3443.0,3642.0,81875.0,9187.0,1515.0,6.0,2.1959266259278522e-05,-1.7137940767189682e-10,7.319812546228732e-06,0.3405082257648953,0.03832267054809946,0.061959479597819896,0.48595624558927314,0.040354907522445436,0.07452138999816023,MIXED
cao2018,occipital_left,O1,median,58,3990.0,3990.0,910.0,3080.0,84408.0,9187.0,1152.0,3.0,2.3429496374014763e-05,2.7421685584530374e-08,7.800691562810078e-06,0.21501551649774206,0.012595771831313185,0.02239112349029975,0.22807017543859648,0.010665979043109309,0.020378913423209567,MIXED
cao2018,occipital_left,P3,median,58,8331.0,8331.0,5221.0,3110.0,80097.0,9187.0,1152.0,3.0,2.768232268590521e-05,-2.833141229207596e-07,9.321878936275323e-06,0.4044871245887109,0.060682006921819395,0.09578923475567666,0.6266954747329252,0.061194589652828243,0.11150145757028905,MIXED
cao2018,occipital_left,T5,median,58,6613.0,6613.0,3394.0,3219.0,81924.0,9187.0,1152.0,3.0,2.1764587233707428e-05,-6.601645745803449e-08,7.276867897055154e-06,0.34702409484420943,0.04231528710626436,0.06872261319599582,0.5132315136851656,0.03978058557397032,0.0738379871860417,MIXED
cao2018,occipital_left,O1,mean,58,3972.0,3972.0,889.0,3083.0,84429.0,9187.0,1152.0,3.0,2.3397444258801364e-05,-4.630429628867257e-09,7.800691562810078e-06,0.21343199760847908,0.01249759580777554,0.02221004418083646,0.22381671701913394,0.010419841065191402,0.019912644193078734,MIXED
cao2018,occipital_left,P3,mean,58,7629.0,7629.0,4613.0,3016.0,80705.0,9187.0,1152.0,3.0,2.796562044486533e-05,-1.636396064371415e-11,9.321878936275323e-06,0.40185762834621613,0.054919391221883655,0.08778190956264834,0.60466640450911,0.05406830914930026,0.09926086909744262,MIXED
cao2018,occipital_left,T5,mean,58,6356.0,6356.0,3168.0,3188.0,82150.0,9187.0,1152.0,3.0,2.182810932176497e-05,-2.494369400490297e-09,7.276867897055154e-06,0.3441236220603112,0.04033329977698837,0.06590480537261593,0.4984266834487099,0.03713167209732999,0.0691144708423326,MIXED
cao2018,occipital_right,O2,median,58,3772.0,3772.0,1004.0,2768.0,84314.0,9187.0,1082.0,3.0,2.3340036103054764e-05,1.311288380140747e-08,7.775641073084452e-06,0.2462688932821448,0.014233508661905937,0.025317662135270487,0.26617179215270415,0.011767739515694226,0.022539005500056126,MIXED
cao2018,occipital_right,P4,median,58,8336.0,8336.0,5297.0,3039.0,80021.0,9187.0,1082.0,3.0,2.7916302009495125e-05,-2.491089341386996e-07,9.388470314544609e-06,0.41032390335294366,0.05969667339846074,0.09304774317473875,0.635436660268714,0.06208537471576924,0.1131185000106776,MIXED
cao2018,occipital_right,T6,median,58,6983.0,6983.0,3419.0,3564.0,81899.0,9187.0,1082.0,3.0,2.2302061536646958e-05,-1.158920460589843e-08,7.437883580417618e-06,0.3300702571457833,0.038279744641588245,0.06060251254793201,0.48961764284691395,0.04007360697625355,0.07408370440190248,MIXED
cao2018,occipital_right,O2,mean,58,3764.0,3764.0,979.0,2785.0,84339.0,9187.0,1082.0,3.0,2.332612784420043e-05,-7.95375052924146e-10,7.775641073084452e-06,0.24385253110093147,0.013996016004029412,0.024934063773490722,0.26009564293304993,0.011474718113411003,0.02197974899530769,MIXED
cao2018,occipital_right,P4,mean,58,7830.0,7830.0,4896.0,2934.0,80422.0,9187.0,1082.0,3.0,2.8164839267771562e-05,-5.716758622667123e-10,9.388470314544609e-06,0.41116378738116266,0.05596250265354316,0.08814623325129246,0.6252873563218391,0.057385311423146346,0.10512303001674754,MIXED
cao2018,occipital_right,T6,mean,58,6886.0,6886.0,3300.0,3586.0,82018.0,9187.0,1082.0,3.0,2.231493024996523e-05,1.2795087123766058e-09,7.437883580417618e-06,0.3273144999632921,0.03726472269211694,0.059498633816181784,0.4792332268370607,0.03867882510138541,0.07158040865906035,MIXED
cao2018,parietal,CP3,median,58,12069.0,12069.0,8886.0,3183.0,76432.0,9187.0,773.0,2.0,2.9161382535719824e-05,-3.6169033385858134e-07,9.841024289859469e-06,0.45982905513847266,0.10052617818652043,0.1437206877604045,0.736266467810092,0.1041515272275487,0.18248842247938635,MIXED
cao2018,parietal,CP4,median,58,13283.0,13283.0,9954.0,3329.0,75364.0,9187.0,773.0,2.0,3.0544031799479375e-05,-3.8295430276811146e-07,1.030899536741583e-05,0.4812283329603221,0.10930808236736712,0.156319169070519,0.7493789053677633,0.11666940153308798,0.20190464599750507,MIXED
cao2018,parietal,CP3,mean,58,11007.0,11007.0,7944.0,3063.0,77374.0,9187.0,773.0,2.0,2.9524255032056316e-05,1.1821624779109244e-09,9.841024289859469e-06,0.45716070235364703,0.09192585916269562,0.1343055002143014,0.7217225402016898,0.09311048078951686,0.16494160394497795,MIXED
cao2018,parietal,CP4,mean,58,12177.0,12177.0,9000.0,3177.0,76318.0,9187.0,773.0,2.0,3.092793659323811e-05,9.504909906176255e-10,1.030899536741583e-05,0.4803531419457582,0.10083417321699208,0.14743142431298786,0.7390983000739099,0.1054877048219602,0.18462485255654137,MIXED
cao2018,parietal_left,CP3,median,58,12641.0,12641.0,9263.0,3378.0,76055.0,9187.0,555.0,1.0,2.9161341367917933e-05,-3.49854172302379e-07,9.837065180073438e-06,0.4542148814195806,0.1032825408934427,0.14795228373129615,0.732774305830235,0.1085702899739797,0.18911993793321696,MIXED
cao2018,parietal_left,CP3,mean,58,11531.0,11531.0,8295.0,3236.0,77023.0,9187.0,555.0,1.0,2.9511469764477307e-05,2.74224256994779e-10,9.837065180073438e-06,0.4515346065690574,0.09459482056191977,0.13843892517345122,0.719365189489203,0.09722450127757332,0.17129758696527583,MIXED
cao2018,parietal_right,CP4,median,58,14251.0,14251.0,10790.0,3461.0,74528.0,9187.0,605.0,1.0,3.0459518701515497e-05,-3.836246775513858e-07,1.0281047793022295e-05,0.482429179333851,0.1151480465611734,0.1621709075409021,0.7571398498350993,0.12646803722543895,0.21673412407476222,MIXED
cao2018,parietal_right,CP4,mean,58,13054.0,13054.0,9772.0,3282.0,75546.0,9187.0,605.0,1.0,3.0846119063668595e-05,2.975684601707576e-09,1.0281047793022295e-05,0.4826014069070909,0.10571882064604982,0.15309588200065874,0.7485828098667076,0.11453620572446611,0.19867441955027854,MIXED
cao2018,posterior,CP3,median,58,12075.0,12075.0,8606.0,3469.0,76712.0,9187.0,1624.0,8.0,2.8702287993895063e-05,-3.8024214817677274e-07,9.694176714023945e-06,0.46090419816726136,0.09982261268600438,0.14622874006480108,0.712712215320911,0.1008696875219766,0.17672728019467518,MIXED
cao2018,posterior,CP4,median,58,13322.0,13322.0,9610.0,3712.0,75708.0,9187.0,1624.0,8.0,2.9945671753334496e-05,-4.1231439465588013e-07,1.011932871599679e-05,0.4833794963634368,0.10840566646924502,0.15901029917804285,0.7213631586848821,0.11263742703767084,0.1948499594484996,MIXED
cao2018,posterior,O1,median,58,4282.0,4282.0,975.0,3307.0,84343.0,9187.0,1624.0,8.0,2.2957662826780567e-05,2.699923295959376e-08,7.643554531273657e-06,0.21681887045301593,0.013545872491906972,0.023811504061925802,0.22769733769266698,0.011427834689045688,0.02176339285714286,MIXED
cao2018,posterior,O2,median,58,3974.0,3974.0,1056.0,2918.0,84262.0,9187.0,1624.0,8.0,2.2888868500464056e-05,3.3274227248782784e-09,7.628513692579725e-06,0.24754562884861586,0.014418003239917253,0.02589181690113214,0.2657272269753397,0.01237722403244333,0.023652734847466737,MIXED
cao2018,posterior,P3,median,58,8853.0,8853.0,5511.0,3342.0,79807.0,9187.0,1624.0,8.0,2.7080468674046842e-05,-2.812556975349833e-07,9.120574790527274e-06,0.4072764786705512,0.0633546330869811,0.10008433763099857,0.6225008471704507,0.06459363791931362,0.11704240158859945,MIXED
cao2018,posterior,P4,median,58,8669.0,8669.0,5574.0,3095.0,79744.0,9187.0,1624.0,8.0,2.7680292370159627e-05,-2.6295162850370274e-07,9.31441466622111e-06,0.4102583380614727,0.06207635736045488,0.09760619113059207,0.6429807359557043,0.06533205185306735,0.11861214848862078,MIXED
cao2018,posterior,T5,median,58,7091.0,7091.0,3599.0,3492.0,81719.0,9187.0,1624.0,8.0,2.1242589896906192e-05,-7.548504766717194e-08,7.106024981524455e-06,0.3481666101278598,0.04442090754504569,0.07228952441696837,0.5075447750669864,0.04218336107269275,0.07789284593491975,MIXED
cao2018,posterior,T6,median,58,7312.0,7312.0,3614.0,3698.0,81704.0,9187.0,1624.0,8.0,2.1809814087622022e-05,-3.029738415519263e-08,7.2800371572590716e-06,0.3429720176734114,0.04020420735208519,0.06432256349627469,0.49425601750547044,0.04235917391406268,0.07803087552628737,MIXED
cao2018,posterior,CP3,mean,58,10899.0,10899.0,7566.0,3333.0,77752.0,9187.0,1624.0,8.0,2.9083381981522966e-05,8.518394511309347e-10,9.694176714023945e-06,0.45795998033559054,0.09017437479685741,0.1348402050542639,0.6941921277181393,0.08867999718699454,0.15726950538886061,MIXED
cao2018,posterior,CP4,mean,58,12166.0,12166.0,8649.0,3517.0,76669.0,9187.0,1624.0,8.0,3.03584671836188e-05,4.810356284261297e-10,1.011932871599679e-05,0.4829845635968988,0.09933502007445452,0.14809784716871255,0.7109156666118691,0.10137368433390374,0.17744450371342987,MIXED
cao2018,posterior,O1,mean,58,4260.0,4260.0,973.0,3287.0,84345.0,9187.0,1624.0,8.0,2.292714870661554e-05,-3.5148872054343036e-09,7.643554531273657e-06,0.22090487897153943,0.01352653182418562,0.023855896551405305,0.2284037558685446,0.01140439297686303,0.021724084038491596,MIXED
cao2018,posterior,O2,mean,58,3931.0,3931.0,1003.0,2928.0,84315.0,9187.0,1624.0,8.0,2.288310775761147e-05,-2.433320127707789e-09,7.628513692579725e-06,0.2437825342649449,0.013679200007578792,0.0246905949334748,0.25515136097685065,0.011756018659602897,0.022476442313079135,MIXED
cao2018,posterior,P3,mean,58,8103.0,8103.0,4876.0,3227.0,80442.0,9187.0,1624.0,8.0,2.7362161346521223e-05,4.3697493940114303e-10,9.120574790527274e-06,0.4052841759162147,0.057483096599172334,0.09201672219745143,0.6017524373688757,0.05715089430131977,0.10438766444375461,MIXED
cao2018,posterior,P4,mean,58,8126.0,8126.0,5123.0,3003.0,80195.0,9187.0,1624.0,8.0,2.7944304581042003e-05,1.0605823786739626e-09,9.31441466622111e-06,0.40934901827672826,0.05783992827405214,0.09189313550362285,0.6304454836327836,0.06004594575587801,0.10964855956508712,MIXED
cao2018,posterior,T5,mean,58,6771.0,6771.0,3347.0,3424.0,81971.0,9187.0,1624.0,8.0,2.1316085897847856e-05,-1.989046725507693e-09,7.106024981524455e-06,0.34680601782614806,0.04206128387893587,0.06901815708757567,0.4943139861172648,0.03922970533767786,0.07269054935985839,MIXED
cao2018,posterior,T6,mean,58,7143.0,7143.0,3458.0,3685.0,81860.0,9187.0,1624.0,8.0,2.1840020603871637e-05,-9.086790557395377e-11,7.2800371572590716e-06,0.3391431561857802,0.03859868331098558,0.06231427782003796,0.4841103177936441,0.04053072036381537,0.07479910448729735,MIXED
