pair,epoch_duration_s,epoch_duration_label,n_epochs,n_valid_epochs,best_channel,tp,fp,fn,precision,recall,f1,n_flagged,used_all_epochs,blink_region_threshold,threshold_center,threshold_dispersion
S1/S01_20170519_043933,3.0,3s,599,599,E9,131,21,6,0.8618421052631579,0.9562043795620438,0.9065743944636678,387,False,2.7565565952916748e-05,-2.782833191467312e-07,7.955385506303852e-06
S1/S01_20170519_043933_2,3.0,3s,599,599,E9,157,37,16,0.8092783505154639,0.9075144508670521,0.8555858310626703,292,False,2.869082697503572e-05,-5.849077489523515e-07,8.364495635425163e-06
S1/S01_20170519_043933_3,3.0,3s,603,603,E22,119,139,12,0.46124031007751937,0.9083969465648855,0.6118251928020565,348,False,3.6704412890370805e-05,-5.308687671725693e-07,1.063865190215525e-05
S2/TEST_20170601_042544,3.0,3s,599,599,E3,254,70,20,0.7839506172839507,0.927007299270073,0.8494983277591974,516,False,1.8164025546438653e-05,-5.153580299107615e-07,5.336966736099833e-06
S2/TEST_20170601_042544_2,3.0,3s,599,599,E9,324,82,31,0.7980295566502463,0.9126760563380282,0.8515111695137976,494,False,3.283492533023404e-05,-9.545420472658719e-07,9.654133536428545e-06
S2/TEST_20170601_042544_3,3.0,3s,556,556,E3,242,29,16,0.8929889298892989,0.937984496124031,0.9149338374291115,445,False,2.34827097167398e-05,-8.907345270620168e-07,6.963841212514805e-06
S3/S03_20170605_033654,3.0,3s,599,599,E3,50,7,6,0.8771929824561403,0.8928571428571429,0.8849557522123894,254,False,2.5870709399500265e-05,-2.0852422965647465e-07,7.451209608330497e-06
S3/S03_20170605_033654_2,3.0,3s,599,599,E22,76,19,18,0.8,0.8085106382978723,0.8042328042328043,274,False,5.418770268001441e-05,-1.2285047358231298e-06,1.5833202118810725e-05
S3/S03_20170605_033654_3,3.0,3s,484,484,E22,42,62,51,0.40384615384615385,0.45161290322580644,0.4263959390862945,352,False,6.899576669301809e-05,-6.797725752850676e-07,1.99072969338009e-05
S4/S04_20170606_045500,3.0,3s,599,599,E9,508,27,62,0.9495327102803738,0.8912280701754386,0.9194570135746606,276,False,3.5329241085129365e-05,-3.2038509396833514e-06,1.1009454864232205e-05
S4/S04_20170606_045500_2,3.0,3s,599,599,E9,616,34,180,0.9476923076923077,0.7738693467336684,0.8520055325034578,344,False,5.058687283717201e-05,-3.888687049174862e-06,1.5564445681813393e-05
S4/S04_20170606_045500_3,3.0,3s,612,612,E9,1139,71,96,0.9413223140495868,0.9222672064777327,0.9316973415132923,550,False,5.620173730627685e-05,-6.517419712034841e-06,1.7919759148089056e-05
S5/S05_20170607_032937,3.0,3s,599,599,E9,291,49,19,0.8558823529411764,0.9387096774193548,0.8953846153846153,299,False,4.600668090889357e-05,-2.6978742624370004e-06,1.3915587191808734e-05
S1/S01_20170519_043933,5.0,5s,359,359,E9,129,16,8,0.8896551724137931,0.9416058394160584,0.9148936170212766,115,False,3.0179264905957756e-05,-7.484321211278413e-07,8.836484864881599e-06
S1/S01_20170519_043933_2,5.0,5s,359,359,E9,160,37,13,0.8121827411167513,0.9248554913294798,0.8648648648648649,121,False,3.03129943878577e-05,-1.0814472658196318e-06,8.969840472479238e-06
S1/S01_20170519_043933_3,5.0,5s,362,362,E22,121,139,10,0.4653846153846154,0.9236641221374046,0.618925831202046,212,False,3.6740682553102475e-05,-5.352346826732964e-07,1.0650262067364508e-05
S2/TEST_20170601_042544,5.0,5s,359,359,E9,263,48,11,0.8456591639871383,0.9598540145985401,0.8991452991452991,164,False,3.105801283208479e-05,-1.7288610779333835e-06,9.367678260005191e-06
S2/TEST_20170601_042544_2,5.0,5s,359,359,E22,337,80,18,0.8081534772182254,0.9492957746478873,0.8730569948186527,305,False,3.411704154001807e-05,-1.070912053410508e-06,1.0053701026693878e-05
S2/TEST_20170601_042544_3,5.0,5s,333,333,E3,243,30,15,0.8901098901098901,0.9418604651162791,0.9152542372881357,282,False,2.2540597979104212e-05,-8.6471143039347e-07,6.68723125985648e-06
S3/S03_20170605_033654,5.0,5s,359,359,E3,53,7,3,0.8833333333333333,0.9464285714285714,0.9137931034482758,35,False,2.5143994963850113e-05,-7.611652185105422e-07,7.40147433781733e-06
S3/S03_20170605_033654_2,5.0,5s,359,359,E9,77,20,17,0.7938144329896907,0.8191489361702128,0.806282722513089,131,False,4.8893432689698464e-05,-1.2408711552142586e-06,1.4324086812832207e-05
S3/S03_20170605_033654_3,5.0,5s,290,290,E22,33,45,60,0.4230769230769231,0.3548387096774194,0.3859649122807018,88,False,7.921106441960834e-05,-1.2868641876642722e-06,2.2999408173506463e-05
S4/S04_20170606_045500,5.0,5s,359,359,E9,520,24,50,0.9558823529411765,0.9122807017543859,0.9335727109515262,124,False,3.5227045362027875e-05,-2.6949762808392957e-06,1.0834863326533479e-05
S4/S04_20170606_045500_2,5.0,5s,359,359,E9,697,44,99,0.9406207827260459,0.8756281407035176,0.9069616135328563,288,False,4.19345611797648e-05,-2.558377728115918e-06,1.2712268259394493e-05
S4/S04_20170606_045500_3,5.0,5s,367,367,E9,612,9,623,0.9855072463768116,0.49554655870445347,0.6594827586206896,67,False,0.00010580866696783743,-8.530486205114325e-06,3.2668329477986214e-05
S5/S05_20170607_032937,5.0,5s,359,359,E9,300,40,10,0.8823529411764706,0.967741935483871,0.923076923076923,251,False,4.012768607033374e-05,-1.4485865595988638e-06,1.18789350371236e-05
S1/S01_20170519_043933,10.0,10s,179,179,E9,133,17,4,0.8866666666666667,0.9708029197080292,0.926829268292683,47,False,2.7786559489052436e-05,-6.918363731557958e-07,8.136684532059494e-06
S1/S01_20170519_043933_2,10.0,10s,179,179,E9,165,38,8,0.812807881773399,0.953757225433526,0.8776595744680851,93,False,2.6097823297929774e-05,-5.933947190291273e-07,7.626062290559686e-06
S1/S01_20170519_043933_3,10.0,10s,181,181,E22,122,134,9,0.4765625,0.9312977099236641,0.6304909560723514,81,False,3.75909273248524e-05,-6.704263540511107e-07,1.0931815336829574e-05
S2/TEST_20170601_042544,10.0,10s,179,179,E3,268,56,6,0.8271604938271605,0.9781021897810219,0.8963210702341138,153,False,1.8424787639863472e-05,-5.385082499457739e-07,5.4180845399454995e-06
S2/TEST_20170601_042544_2,10.0,10s,179,179,E9,340,77,15,0.815347721822542,0.9577464788732394,0.8808290155440416,152,False,3.006261079769174e-05,-8.87722127746867e-07,8.84295226441103e-06
S2/TEST_20170601_042544_3,10.0,10s,166,166,E3,244,27,14,0.9003690036900369,0.9457364341085271,0.9224952741020794,103,False,2.2675263105979565e-05,-1.1713333197829208e-06,6.813313264503567e-06
S3/S03_20170605_033654,10.0,10s,179,179,E3,53,7,3,0.8833333333333333,0.9464285714285714,0.9137931034482758,35,False,2.3537922228738924e-05,-2.7074942460974317e-07,6.802477615242476e-06
S3/S03_20170605_033654_2,10.0,10s,179,179,E9,78,20,16,0.7959183673469388,0.8297872340425532,0.8125,53,False,4.846128040842097e-05,-9.96561791511314e-07,1.413081205712351e-05
S3/S03_20170605_033654_3,10.0,10s,145,145,E22,43,55,50,0.4387755102040816,0.46236559139784944,0.450261780104712,57,False,7.148310757926385e-05,-1.0429973149480378e-06,2.072174425548911e-05
S4/S04_20170606_045500,10.0,10s,179,179,E9,536,22,34,0.9605734767025089,0.9403508771929825,0.950354609929078,49,False,3.3693635408954284e-05,-1.8716440377434296e-06,1.0161508413342203e-05
S4/S04_20170606_045500_2,10.0,10s,179,179,E9,667,34,129,0.9514978601997147,0.8379396984924623,0.8911155644622579,117,False,4.6547806320591506e-05,-2.7788295706351683e-06,1.4093324540350478e-05
S4/S04_20170606_045500_3,10.0,10s,183,183,E9,910,18,325,0.9806034482758621,0.7368421052631579,0.8414239482200646,39,False,8.836287315223498e-05,-8.19770112557314e-06,2.758873550794518e-05
S5/S05_20170607_032937,10.0,10s,179,179,E9,305,36,5,0.8944281524926686,0.9838709677419355,0.9370199692780338,147,False,3.6398001313063745e-05,-1.127144841585552e-06,1.07214703298998e-05
S1/S01_20170519_043933,15.0,15s,119,119,E9,134,22,3,0.8589743589743589,0.9781021897810219,0.9146757679180887,58,False,2.6080244881097382e-05,-4.4958462795875006e-07,7.579951288301752e-06
S1/S01_20170519_043933_2,15.0,15s,119,119,E9,164,41,9,0.8,0.9479768786127167,0.8677248677248678,65,False,2.5046264421538888e-05,-4.7414897627681295e-07,7.2915466850902e-06
S1/S01_20170519_043933_3,15.0,15s,120,120,E22,125,138,6,0.4752851711026616,0.9541984732824428,0.6345177664974619,65,False,3.425620124614999e-05,-5.771908628711723e-07,9.952397745434618e-06
S2/TEST_20170601_042544,15.0,15s,119,119,E3,266,59,8,0.8184615384615385,0.9708029197080292,0.8881469115191987,101,False,1.8398786122252705e-05,-5.621690636768102e-07,5.4174157674084335e-06
S2/TEST_20170601_042544_2,15.0,15s,119,119,E22,336,68,19,0.8316831683168316,0.9464788732394366,0.8853754940711462,75,False,3.616034399446592e-05,-1.1251891476789583e-06,1.065300946918425e-05
S2/TEST_20170601_042544_3,15.0,15s,111,111,E9,250,21,8,0.922509225092251,0.9689922480620154,0.9451795841209831,35,False,3.4114974414416016e-05,-1.5901191234270772e-06,1.0201455296526598e-05
S3/S03_20170605_033654,15.0,15s,119,119,E3,52,9,4,0.8524590163934426,0.9285714285714286,0.888888888888889,22,False,2.2813369152909067e-05,-2.1660440449667588e-07,6.5799924449730696e-06
S3/S03_20170605_033654_2,15.0,15s,119,119,E9,77,18,17,0.8105263157894737,0.8191489361702128,0.8148148148148148,13,False,5.0303654570929255e-05,-9.304856349310017e-07,1.4638325773102931e-05
S3/S03_20170605_033654_3,15.0,15s,96,96,E22,42,56,51,0.42857142857142855,0.45161290322580644,0.4397905759162304,33,False,7.175751327030839e-05,-1.073667685334326e-06,2.0808908844469346e-05
S4/S04_20170606_045500,15.0,15s,119,119,E9,536,22,34,0.9605734767025089,0.9403508771929825,0.950354609929078,25,False,3.29938282345404e-05,-1.4971996190227048e-06,9.854579386732314e-06
S4/S04_20170606_045500_2,15.0,15s,119,119,E9,674,29,122,0.9587482219061166,0.8467336683417085,0.8992661774516344,77,False,4.550776369673374e-05,-2.7526085057800178e-06,1.3788677772146786e-05
S4/S04_20170606_045500_3,15.0,15s,122,122,E9,1027,18,208,0.9827751196172249,0.8315789473684211,0.900877192982456,32,False,8.165631732140886e-05,-7.737241385853194e-06,2.5541016773503446e-05
S5/S05_20170607_032937,15.0,15s,119,119,E9,304,35,6,0.8967551622418879,0.9806451612903225,0.9368258859784283,87,False,3.612473030235147e-05,-1.2247041184206757e-06,1.067126697736347e-05
S1/S01_20170519_043933,20.0,20s,89,89,E9,136,21,1,0.8662420382165605,0.9927007299270073,0.9251700680272109,49,False,2.5693060563791608e-05,-3.563610774967041e-07,7.442691897510946e-06
S1/S01_20170519_043933_2,20.0,20s,89,89,E9,167,38,6,0.8146341463414634,0.9653179190751445,0.8835978835978836,39,False,2.4996030079487152e-05,-4.1239920091888053e-07,7.259551222973152e-06
S1/S01_20170519_043933_3,20.0,20s,90,90,E9,125,138,6,0.4752851711026616,0.9541984732824428,0.6345177664974619,50,False,2.8193549972290436e-05,-3.5174019588918725e-07,8.155797190908464e-06
S2/TEST_20170601_042544,20.0,20s,89,89,E3,267,48,7,0.8476190476190476,0.9744525547445255,0.9066213921901529,62,False,1.9142415277087976e-05,-6.555293666757386e-07,5.656555612503918e-06
S2/TEST_20170601_042544_2,20.0,20s,89,89,E9,333,67,22,0.8325,0.9380281690140845,0.8821192052980131,42,False,3.5382407376959695e-05,-7.567637692124444e-07,1.0325477470334897e-05
S2/TEST_20170601_042544_3,20.0,20s,83,83,E9,250,22,8,0.9191176470588235,0.9689922480620154,0.9433962264150944,21,False,3.6270719218520084e-05,-1.8373632761568347e-06,1.088802356990769e-05
S3/S03_20170605_033654,20.0,20s,89,89,E3,52,9,4,0.8524590163934426,0.9285714285714286,0.888888888888889,17,False,2.2783129230360688e-05,-1.822179220755514e-07,6.5615277578389256e-06
S3/S03_20170605_033654_2,20.0,20s,89,89,E22,78,19,16,0.8041237113402062,0.8297872340425532,0.8167539267015708,12,False,4.910183275892602e-05,-7.053338229123438e-07,1.423061902338239e-05
S3/S03_20170605_033654_3,20.0,20s,72,72,E22,45,59,48,0.4326923076923077,0.4838709677419355,0.4568527918781726,31,False,6.962587891001425e-05,-7.302665552622959e-07,2.010175584722187e-05
S4/S04_20170606_045500,20.0,20s,89,89,E9,538,19,32,0.9658886894075404,0.9438596491228071,0.9547471162377996,14,False,3.282672160838532e-05,-1.6013444908081262e-06,9.836590314055269e-06
S4/S04_20170606_045500_2,20.0,20s,89,89,E9,614,29,182,0.9548989113530326,0.7713567839195979,0.8533703961084085,38,False,5.260352880628992e-05,-2.941349278126613e-06,1.5869965166976154e-05
S4/S04_20170606_045500_3,20.0,20s,91,91,E9,1102,27,133,0.9760850310008857,0.8923076923076924,0.9323181049069375,32,False,7.38875447562069e-05,-7.468336223289431e-06,2.324453742271324e-05
S5/S05_20170607_032937,20.0,20s,89,89,E9,302,32,8,0.9041916167664671,0.9741935483870968,0.937888198757764,58,False,3.6913993110274955e-05,-1.2776421011376088e-06,1.0911895774689304e-05
S1/S01_20170519_043933,30.0,30s,59,59,E9,135,17,2,0.8881578947368421,0.9854014598540146,0.9342560553633217,18,False,2.7862247720782118e-05,-4.5695929834131985e-07,8.091202005463839e-06
S1/S01_20170519_043933_2,30.0,30s,59,59,E9,165,39,8,0.8088235294117647,0.953757225433526,0.8753315649867374,14,False,2.573634244582997e-05,-4.3185108928864434e-07,7.476626724319604e-06
S1/S01_20170519_043933_3,30.0,30s,60,60,E22,126,134,5,0.4846153846153846,0.9618320610687023,0.6445012787723785,32,False,3.430783696531238e-05,-3.616066677694029e-07,9.905555323737653e-06
S2/TEST_20170601_042544,30.0,30s,59,59,E3,266,48,8,0.8471337579617835,0.9708029197080292,0.9047619047619049,40,False,1.9588611066898155e-05,-6.53162527161194e-07,5.783363884016957e-06
S2/TEST_20170601_042544_2,30.0,30s,59,59,E9,322,52,33,0.8609625668449198,0.9070422535211268,0.8834019204389575,2,False,4.369019580600926e-05,-2.0429045303509313e-06,1.3066600096102911e-05
S2/TEST_20170601_042544_3,30.0,30s,55,55,E3,248,22,10,0.9185185185185185,0.9612403100775194,0.9393939393939394,17,False,2.540418660033908e-05,-9.332954838501156e-07,7.524994881196913e-06
S3/S03_20170605_033654,30.0,30s,59,59,E3,51,9,5,0.85,0.9107142857142857,0.8793103448275861,4,False,2.313621561508505e-05,-9.914828330061091e-08,6.63867539953876e-06
S3/S03_20170605_033654_2,30.0,30s,59,59,E9,77,18,17,0.8105263157894737,0.8191489361702128,0.8148148148148148,1,False,5.107675461515254e-05,-9.595462234524051e-07,1.4867514525315698e-05
S3/S03_20170605_033654_3,30.0,30s,48,48,E22,41,51,52,0.44565217391304346,0.44086021505376344,0.4432432432432432,12,False,7.427335912554332e-05,-7.30283049608843e-07,2.1429612050043477e-05
S4/S04_20170606_045500,30.0,30s,59,59,E9,537,15,33,0.9728260869565217,0.9421052631578948,0.9572192513368984,7,False,3.362296326978651e-05,-1.250382912855274e-06,9.96381319504051e-06
S4/S04_20170606_045500_2,30.0,30s,59,59,E9,646,31,150,0.9542097488921714,0.8115577889447236,0.8771215207060421,29,False,4.88619462225884e-05,-2.9118587626219595e-06,1.4792515710060104e-05
S4/S04_20170606_045500_3,30.0,30s,61,61,E9,886,13,349,0.985539488320356,0.7174089068825911,0.8303655107778819,4,False,9.037969251005961e-05,-7.259395360789003e-06,2.7896882248813893e-05
S5/S05_20170607_032937,30.0,30s,59,59,E9,300,34,10,0.8982035928143712,0.967741935483871,0.9316770186335404,8,False,3.810756042378573e-05,-1.3731184627974433e-06,1.1280193967595194e-05
S1/S01_20170519_043933,60.0,60s,29,29,E22,129,11,8,0.9214285714285714,0.9416058394160584,0.9314079422382672,4,False,3.1014588772957924e-05,-6.142292564057572e-07,9.036805151246765e-06
S1/S01_20170519_043933_2,60.0,60s,29,29,E9,162,40,11,0.801980198019802,0.9364161849710982,0.8640000000000001,7,False,2.718432155484908e-05,-4.558659003118176e-07,7.897196415760256e-06
S1/S01_20170519_043933_3,60.0,60s,30,30,E22,126,104,5,0.5478260869565217,0.9618320610687023,0.6980609418282548,6,False,4.34764004256204e-05,-2.0075382617790392e-07,1.2479186929085228e-05
S2/TEST_20170601_042544,60.0,60s,29,29,E3,266,48,8,0.8471337579617835,0.9708029197080292,0.9047619047619049,20,False,1.9136225603543335e-05,-6.22669071773548e-07,5.645398478661966e-06
S2/TEST_20170601_042544_2,60.0,60s,29,29,E22,326,86,29,0.7912621359223301,0.9183098591549296,0.8500651890482398,0,True,2.9277314218718147e-05,-7.914423643379482e-07,8.5910733094446e-06
S2/TEST_20170601_042544_3,60.0,60s,27,27,E3,238,21,20,0.918918918918919,0.9224806201550387,0.9206963249516441,6,False,2.6210874317583283e-05,-9.173570689051964e-07,7.750923253282423e-06
S3/S03_20170605_033654,60.0,60s,29,29,E3,51,14,5,0.7846153846153846,0.9107142857142857,0.8429752066115703,0,True,2.1626253430770672e-05,-6.208583086189502e-08,6.196668360466448e-06
S3/S03_20170605_033654_2,60.0,60s,29,29,E22,77,17,17,0.8191489361702128,0.8191489361702128,0.8191489361702128,2,False,5.471456156813493e-05,-2.6670804371257015e-07,1.570893417481357e-05
S3/S03_20170605_033654_3,60.0,60s,24,24,E22,45,59,48,0.4326923076923077,0.4838709677419355,0.4568527918781726,7,False,6.980092393910823e-05,-7.956867479914188e-07,2.0170460196314187e-05
S4/S04_20170606_045500,60.0,60s,29,29,E9,536,16,34,0.9710144927536232,0.9403508771929825,0.9554367201426024,3,False,2.9596253969918673e-05,-1.0509393298169402e-06,8.756340942781603e-06
S4/S04_20170606_045500_2,60.0,60s,29,29,E9,641,28,155,0.9581464872944694,0.8052763819095478,0.875085324232082,11,False,4.8622116256749036e-05,-2.7659822660803086e-06,1.4682313863665526e-05
S4/S04_20170606_045500_3,60.0,60s,30,30,E9,1068,12,167,0.9888888888888889,0.8647773279352227,0.9226781857451404,1,False,7.800690906082276e-05,-8.366904711015231e-06,2.4678232506239427e-05
S5/S05_20170607_032937,60.0,60s,29,29,E9,298,33,12,0.9003021148036254,0.9612903225806452,0.9297971918876755,3,False,3.8717697410543367e-05,-1.5463469441484332e-06,1.1504012672769086e-05
S1/S01_20170519_043933,100.0,100s,17,17,E22,123,10,14,0.924812030075188,0.8978102189781022,0.9111111111111111,4,False,2.9558961900360278e-05,-5.92136564093326e-07,8.614599561272458e-06
S1/S01_20170519_043933_2,100.0,100s,17,17,E9,159,40,14,0.7989949748743719,0.9190751445086706,0.8548387096774193,0,True,2.261784261409844e-05,-2.4521176817166374e-07,6.532301252077173e-06
S1/S01_20170519_043933_3,100.0,100s,18,18,E3,0,42,131,0.0,0.0,0.0,1,False,0.00023898014947643792,2.920684687716515e-06,6.744556136820611e-05
S2/TEST_20170601_042544,100.0,100s,17,17,E3,259,47,15,0.8464052287581699,0.9452554744525548,0.8931034482758621,11,False,1.9620381686421698e-05,-6.276046815619306e-07,5.7851389622810375e-06
S2/TEST_20170601_042544_2,100.0,100s,17,17,E22,323,84,32,0.7936117936117936,0.9098591549295775,0.847769028871391,0,True,2.9346651570553818e-05,-8.050811031367781e-07,8.6147807639116e-06
S2/TEST_20170601_042544_3,100.0,100s,16,16,E9,239,23,19,0.9122137404580153,0.9263565891472868,0.9192307692307693,2,False,3.6110000775294364e-05,-1.7123092430830311e-06,1.080637429096497e-05
S3/S03_20170605_033654,100.0,100s,17,17,E3,49,13,7,0.7903225806451613,0.875,0.8305084745762712,0,True,2.1573138201224917e-05,-5.5439933978343165e-08,6.179593752915218e-06
S3/S03_20170605_033654_2,100.0,100s,17,17,E3,76,18,18,0.8085106382978723,0.8085106382978723,0.8085106382978723,0,True,3.397135644153104e-05,-1.8211077812156352e-07,9.758133491329316e-06
S3/S03_20170605_033654_3,100.0,100s,14,14,E22,37,42,56,0.46835443037974683,0.3978494623655914,0.43023255813953487,1,False,7.911373630817606e-05,-2.1138633911700863e-08,2.2609964269167935e-05
S4/S04_20170606_045500,100.0,100s,17,17,E9,527,14,43,0.9741219963031423,0.9245614035087719,0.9486948694869487,0,True,2.8400817994735077e-05,-1.67481257711069e-06,8.593037306241648e-06
S4/S04_20170606_045500_2,100.0,100s,17,17,E9,535,23,261,0.9587813620071685,0.6721105527638191,0.7902511078286558,4,False,5.949034007554322e-05,-3.108701169294148e-06,1.788544035566782e-05
S4/S04_20170606_045500_3,100.0,100s,18,18,E9,1178,22,57,0.9816666666666667,0.9538461538461539,0.9675564681724846,1,False,6.31891640208486e-05,-5.0144049837596435e-06,1.948673400131664e-05
S5/S05_20170607_032937,100.0,100s,17,17,E9,289,30,21,0.9059561128526645,0.932258064516129,0.9189189189189189,2,False,3.8207185777290987e-05,-9.220419124709142e-07,1.117977933993197e-05
S1/S01_20170519_043933,120.0,120s,14,14,E22,121,9,16,0.9307692307692308,0.8832116788321168,0.9063670411985019,3,False,3.008706044829884e-05,-5.639133619033344e-07,8.757421088629192e-06
S1/S01_20170519_043933_2,120.0,120s,14,14,E9,159,40,14,0.7989949748743719,0.9190751445086706,0.8548387096774193,0,True,2.2639084384192482e-05,-2.525857775720673e-07,6.540477189075586e-06
S1/S01_20170519_043933_3,120.0,120s,15,15,E3,0,45,131,0.0,0.0,0.0,1,False,0.0001600665679905051,1.4523779691764114e-06,4.5318340006093906e-05
S2/TEST_20170601_042544,120.0,120s,14,14,E3,257,46,17,0.8481848184818482,0.9379562043795621,0.8908145580589255,9,False,1.9577574106716383e-05,-6.247129724869177e-07,5.7720820226295144e-06
S2/TEST_20170601_042544_2,120.0,120s,14,14,E22,317,83,38,0.7925,0.8929577464788733,0.8397350993377483,0,True,2.9319526333353232e-05,-8.084150455618857e-07,8.607983251118606e-06
S2/TEST_20170601_042544_3,120.0,120s,13,13,E9,230,15,28,0.9387755102040817,0.8914728682170543,0.9145129224652089,1,False,4.5629595520129676e-05,-2.3027805141771557e-06,1.3694964581230524e-05
S3/S03_20170605_033654,120.0,120s,14,14,E3,49,13,7,0.7903225806451613,0.875,0.8305084745762712,0,True,2.157337064675019e-05,-5.6473536842381596e-08,6.179955481026449e-06
S3/S03_20170605_033654_2,120.0,120s,14,14,E3,76,17,18,0.8172043010752689,0.8085106382978723,0.8128342245989305,0,True,3.397988831672371e-05,-1.7669301496785728e-07,9.759023237626163e-06
S3/S03_20170605_033654_3,120.0,120s,12,12,E22,46,78,47,0.3709677419354839,0.4946236559139785,0.42396313364055305,0,True,6.108172248421607e-05,-5.263875855843849e-07,1.7602317162800128e-05
S4/S04_20170606_045500,120.0,120s,14,14,E9,519,14,51,0.9737335834896811,0.9105263157894737,0.9410698096101542,0,True,2.838764274329101e-05,-1.660310333292924e-06,8.585129450452553e-06
S4/S04_20170606_045500_2,120.0,120s,14,14,E9,615,27,181,0.9579439252336449,0.7726130653266332,0.8553546592489568,5,False,5.0910369661535085e-05,-3.1749970167875427e-06,1.545296190809218e-05
S4/S04_20170606_045500_3,120.0,120s,15,15,E9,1151,18,84,0.9846022241231822,0.9319838056680162,0.9575707154742096,1,False,6.689044729875318e-05,-7.3765229460633644e-06,2.121913435566187e-05
S5/S05_20170607_032937,120.0,120s,14,14,E9,282,29,28,0.9067524115755627,0.9096774193548387,0.9082125603864735,2,False,3.597715645804918e-05,-1.1122253723133135e-06,1.0596966237246426e-05
