dataset,session,selection,condition,center_method,n_channels_used,best_channel,tp,fp,fn,precision,recall,f1
raja,S12/S25_20190124_060024_3,all_channel,BLINKER-concat,n/a,32,E23,470,76,19,0.8608058608058609,0.9611451942740287,0.9082125603864735
raja,S12/S25_20190124_060024_3,all_channel,MNE-annot,n/a,32,E22,468,13,21,0.972972972972973,0.9570552147239264,0.9649484536082474
raja,S12/S25_20190124_060024_3,all_channel,Proposed-Mean,mean,32,E9,468,22,21,0.9551020408163265,0.9570552147239264,0.9560776302349335
raja,S12/S25_20190124_060024_3,all_channel,Proposed-Med,median,32,E22,469,25,20,0.9493927125506073,0.9591002044989775,0.9542217700915564
raja,S1/S01_20170519_043933_3,all_channel,BLINKER-concat,n/a,32,E3,127,423,5,0.2309090909090909,0.9621212121212122,0.3724340175953079
raja,S1/S01_20170519_043933_3,all_channel,MNE-annot,n/a,32,E59,0,2,132,0.0,0.0,0.0
raja,S1/S01_20170519_043933_3,all_channel,Proposed-Mean,mean,32,E3,123,141,9,0.4659090909090909,0.9318181818181818,0.6212121212121211
raja,S1/S01_20170519_043933_3,all_channel,Proposed-Med,median,32,E3,123,142,9,0.4641509433962264,0.9318181818181818,0.6196473551637279
raja,S10/S23_20181226_042222_3,all_channel,BLINKER-concat,n/a,32,E22,236,318,9,0.4259927797833935,0.963265306122449,0.590738423028786
raja,S10/S23_20181226_042222_3,all_channel,MNE-annot,n/a,32,E67,6,36,239,0.14285714285714285,0.024489795918367346,0.04181184668989547
raja,S10/S23_20181226_042222_3,all_channel,Proposed-Mean,mean,32,E22,220,60,25,0.7857142857142857,0.8979591836734694,0.838095238095238
raja,S10/S23_20181226_042222_3,all_channel,Proposed-Med,median,32,E9,225,67,20,0.7705479452054794,0.9183673469387755,0.8379888268156425
raja,S13/S26_20190108_035218_3,all_channel,BLINKER-concat,n/a,32,E9,497,140,11,0.7802197802197802,0.9783464566929134,0.8681222707423581
raja,S13/S26_20190108_035218_3,all_channel,MNE-annot,n/a,32,E9,450,133,58,0.7718696397941681,0.8858267716535433,0.8249312557286892
raja,S13/S26_20190108_035218_3,all_channel,Proposed-Mean,mean,32,E22,442,100,66,0.8154981549815498,0.8700787401574803,0.8419047619047618
raja,S13/S26_20190108_035218_3,all_channel,Proposed-Med,median,32,E22,458,107,50,0.8106194690265487,0.9015748031496063,0.853681267474371
raja,S18/S31_20190115_035853,all_channel,BLINKER-concat,n/a,32,E11,306,275,19,0.5266781411359724,0.9415384615384615,0.6754966887417219
raja,S18/S31_20190115_035853,all_channel,MNE-annot,n/a,32,E23,218,4,107,0.9819819819819819,0.6707692307692308,0.7970749542961608
raja,S18/S31_20190115_035853,all_channel,Proposed-Mean,mean,32,E22,312,29,13,0.9149560117302052,0.96,0.9369369369369368
raja,S18/S31_20190115_035853,all_channel,Proposed-Med,median,32,E22,312,29,13,0.9149560117302052,0.96,0.9369369369369368
raja,S1/S01_20170519_043933,all_channel,BLINKER-concat,n/a,32,E124,133,272,5,0.32839506172839505,0.9637681159420289,0.4898710865561694
raja,S1/S01_20170519_043933,all_channel,MNE-annot,n/a,32,E22,133,30,5,0.8159509202453987,0.9637681159420289,0.8837209302325579
raja,S1/S01_20170519_043933,all_channel,Proposed-Mean,mean,32,E9,137,31,1,0.8154761904761905,0.9927536231884058,0.8954248366013071
raja,S1/S01_20170519_043933,all_channel,Proposed-Med,median,32,E3,125,16,13,0.8865248226950354,0.9057971014492754,0.8960573476702509
raja,S1/S01_20170519_043933_2,all_channel,BLINKER-concat,n/a,32,E3,169,250,6,0.4033412887828162,0.9657142857142857,0.569023569023569
raja,S1/S01_20170519_043933_2,all_channel,MNE-annot,n/a,32,E9,163,32,12,0.8358974358974359,0.9314285714285714,0.8810810810810811
raja,S1/S01_20170519_043933_2,all_channel,Proposed-Mean,mean,32,E9,170,48,5,0.7798165137614679,0.9714285714285714,0.8651399491094147
raja,S1/S01_20170519_043933_2,all_channel,Proposed-Med,median,32,E9,170,48,5,0.7798165137614679,0.9714285714285714,0.8651399491094147
raja,S10/S23_20181226_042222,all_channel,BLINKER-concat,n/a,32,E23,147,280,13,0.3442622950819672,0.91875,0.5008517887563884
raja,S10/S23_20181226_042222,all_channel,MNE-annot,n/a,32,E9,144,49,16,0.7461139896373057,0.9,0.8158640226628895
raja,S10/S23_20181226_042222,all_channel,Proposed-Mean,mean,32,E22,150,14,10,0.9146341463414634,0.9375,0.925925925925926
raja,S10/S23_20181226_042222,all_channel,Proposed-Med,median,32,E22,150,15,10,0.9090909090909091,0.9375,0.923076923076923
raja,S10/S23_20181226_042222_2,all_channel,BLINKER-concat,n/a,32,E9,547,261,29,0.676980198019802,0.9496527777777778,0.7904624277456647
raja,S10/S23_20181226_042222_2,all_channel,MNE-annot,n/a,32,E22,136,413,440,0.24772313296903462,0.2361111111111111,0.24177777777777776
raja,S10/S23_20181226_042222_2,all_channel,Proposed-Mean,mean,32,E9,493,44,83,0.9180633147113594,0.8559027777777778,0.8858939802336028
raja,S10/S23_20181226_042222_2,all_channel,Proposed-Med,median,32,E9,497,44,79,0.9186691312384473,0.8628472222222222,0.8898836168307968
raja,S12/S25_20190124_060024,all_channel,BLINKER-concat,n/a,32,E24,493,75,36,0.8679577464788732,0.9319470699432892,0.8988149498632635
raja,S12/S25_20190124_060024,all_channel,MNE-annot,n/a,32,E22,514,28,15,0.948339483394834,0.9716446124763705,0.9598506069094304
raja,S12/S25_20190124_060024,all_channel,Proposed-Mean,mean,32,E22,506,20,23,0.9619771863117871,0.9565217391304348,0.9592417061611374
raja,S12/S25_20190124_060024,all_channel,Proposed-Med,median,32,E22,507,23,22,0.9566037735849057,0.9584120982986768,0.9575070821529745
raja,S12/S25_20190124_060024_2,all_channel,BLINKER-concat,n/a,32,E22,618,90,18,0.8728813559322034,0.9716981132075472,0.9196428571428572
raja,S12/S25_20190124_060024_2,all_channel,MNE-annot,n/a,32,E22,595,32,41,0.94896331738437,0.9355345911949685,0.9422011084718923
raja,S12/S25_20190124_060024_2,all_channel,Proposed-Mean,mean,32,E22,605,30,31,0.952755905511811,0.9512578616352201,0.9520062942564909
raja,S12/S25_20190124_060024_2,all_channel,Proposed-Med,median,32,E22,606,33,30,0.9483568075117371,0.9528301886792453,0.9505882352941176
raja,S13/S26_20190108_035218,all_channel,BLINKER-concat,n/a,32,E22,509,170,13,0.7496318114874816,0.975095785440613,0.8476269775187344
raja,S13/S26_20190108_035218,all_channel,MNE-annot,n/a,32,E22,507,103,15,0.8311475409836065,0.9712643678160919,0.8957597173144877
raja,S13/S26_20190108_035218,all_channel,Proposed-Mean,mean,32,E22,495,33,27,0.9375,0.9482758620689655,0.9428571428571428
raja,S13/S26_20190108_035218,all_channel,Proposed-Med,median,32,E22,498,34,24,0.9360902255639098,0.9540229885057471,0.9449715370018975
raja,S18/S31_20190115_035853_2,all_channel,BLINKER-concat,n/a,32,E9,324,302,131,0.5175718849840255,0.7120879120879121,0.5994449583718778
raja,S18/S31_20190115_035853_2,all_channel,MNE-annot,n/a,32,E9,439,34,16,0.9281183932346723,0.9648351648351648,0.9461206896551724
raja,S18/S31_20190115_035853_2,all_channel,Proposed-Mean,mean,32,E22,313,152,142,0.6731182795698925,0.6879120879120879,0.6804347826086956
raja,S18/S31_20190115_035853_2,all_channel,Proposed-Med,median,32,E22,313,157,142,0.6659574468085107,0.6879120879120879,0.6767567567567568
raja,S13/S26_20190108_035218_2,all_channel,BLINKER-concat,n/a,32,E9,593,110,27,0.8435277382645804,0.9564516129032258,0.8964474678760394
raja,S13/S26_20190108_035218_2,all_channel,MNE-annot,n/a,32,E22,562,100,58,0.8489425981873112,0.9064516129032258,0.8767550702028082
raja,S13/S26_20190108_035218_2,all_channel,Proposed-Mean,mean,32,E22,531,71,89,0.8820598006644518,0.8564516129032258,0.8690671031096563
raja,S13/S26_20190108_035218_2,all_channel,Proposed-Med,median,32,E22,542,76,78,0.8770226537216829,0.8741935483870967,0.875605815831987
raja,S16/S29_20190111_034326_3,all_channel,BLINKER-concat,n/a,32,E9,1685,82,137,0.9535936615732881,0.924807903402854,0.9389802173307329
raja,S16/S29_20190111_034326_3,all_channel,MNE-annot,n/a,32,E23,163,272,1659,0.37471264367816093,0.08946212952799122,0.14443952148870184
raja,S16/S29_20190111_034326_3,all_channel,Proposed-Mean,mean,32,E9,548,35,1274,0.9399656946826758,0.300768386388584,0.4557172557172558
raja,S16/S29_20190111_034326_3,all_channel,Proposed-Med,median,32,E9,800,52,1022,0.9389671361502347,0.43907793633369924,0.5983545250560958
raja,S2/TEST_20170601_042544_3,all_channel,BLINKER-concat,n/a,32,E3,250,389,8,0.39123630672926446,0.9689922480620154,0.5574136008918618
raja,S2/TEST_20170601_042544_3,all_channel,MNE-annot,n/a,32,E59,2,24,256,0.07692307692307693,0.007751937984496124,0.014084507042253521
raja,S2/TEST_20170601_042544_3,all_channel,Proposed-Mean,mean,32,E3,248,33,10,0.8825622775800712,0.9612403100775194,0.9202226345083488
raja,S2/TEST_20170601_042544_3,all_channel,Proposed-Med,median,32,E3,248,36,10,0.8732394366197183,0.9612403100775194,0.9151291512915128
raja,S18/S31_20190115_035853_3,all_channel,BLINKER-concat,n/a,32,E9,481,191,2,0.7157738095238095,0.9958592132505176,0.8329004329004328
raja,S18/S31_20190115_035853_3,all_channel,MNE-annot,n/a,32,E22,477,11,6,0.9774590163934426,0.9875776397515528,0.9824922760041195
raja,S18/S31_20190115_035853_3,all_channel,Proposed-Mean,mean,32,E9,475,27,8,0.9462151394422311,0.9834368530020704,0.9644670050761421
raja,S18/S31_20190115_035853_3,all_channel,Proposed-Med,median,32,E9,476,33,7,0.9351669941060904,0.9855072463768116,0.9596774193548387
raja,S19/S32_20190116_041137_3,all_channel,BLINKER-concat,n/a,32,E11,681,165,21,0.8049645390070922,0.9700854700854701,0.8798449612403101
raja,S19/S32_20190116_041137_3,all_channel,MNE-annot,n/a,32,E23,689,52,13,0.9298245614035088,0.9814814814814815,0.954954954954955
raja,S19/S32_20190116_041137_3,all_channel,Proposed-Mean,mean,32,E22,689,35,13,0.9516574585635359,0.9814814814814815,0.9663394109396914
raja,S19/S32_20190116_041137_3,all_channel,Proposed-Med,median,32,E23,686,34,16,0.9527777777777777,0.9772079772079773,0.9648382559774964
raja,S2/TEST_20170601_042544,all_channel,BLINKER-concat,n/a,32,E26,267,374,9,0.4165366614664587,0.967391304347826,0.5823336968375137
raja,S2/TEST_20170601_042544,all_channel,MNE-annot,n/a,32,E9,250,28,26,0.8992805755395683,0.9057971014492754,0.9025270758122743
raja,S2/TEST_20170601_042544,all_channel,Proposed-Mean,mean,32,E3,263,67,13,0.796969696969697,0.9528985507246377,0.867986798679868
raja,S2/TEST_20170601_042544,all_channel,Proposed-Med,median,32,E3,264,73,12,0.7833827893175074,0.9565217391304348,0.8613376835236541
raja,S19/S32_20190116_041137,all_channel,BLINKER-concat,n/a,32,E11,624,207,21,0.7509025270758123,0.9674418604651163,0.8455284552845528
raja,S19/S32_20190116_041137,all_channel,MNE-annot,n/a,32,E23,344,185,301,0.6502835538752363,0.5333333333333333,0.5860306643952301
raja,S19/S32_20190116_041137,all_channel,Proposed-Mean,mean,32,E22,626,13,19,0.9796557120500783,0.9705426356589147,0.9750778816199377
raja,S19/S32_20190116_041137,all_channel,Proposed-Med,median,32,E22,626,14,19,0.978125,0.9705426356589147,0.9743190661478599
raja,S2/TEST_20170601_042544_2,all_channel,BLINKER-concat,n/a,32,E23,344,369,18,0.48246844319775595,0.9502762430939227,0.64
raja,S2/TEST_20170601_042544_2,all_channel,MNE-annot,n/a,32,E9,311,34,51,0.9014492753623189,0.8591160220994475,0.8797736916548797
raja,S2/TEST_20170601_042544_2,all_channel,Proposed-Mean,mean,32,E9,342,73,20,0.8240963855421687,0.9447513812154696,0.8803088803088803
raja,S2/TEST_20170601_042544_2,all_channel,Proposed-Med,median,32,E9,342,79,20,0.8123515439429929,0.9447513812154696,0.8735632183908048
raja,S19/S32_20190116_041137_2,all_channel,BLINKER-concat,n/a,32,E22,771,191,16,0.8014553014553014,0.9796696315120712,0.8816466552315609
raja,S19/S32_20190116_041137_2,all_channel,MNE-annot,n/a,32,E23,773,16,14,0.9797211660329531,0.9822109275730623,0.9809644670050761
raja,S19/S32_20190116_041137_2,all_channel,Proposed-Mean,mean,32,E22,771,20,16,0.9747155499367889,0.9796696315120712,0.9771863117870723
raja,S19/S32_20190116_041137_2,all_channel,Proposed-Med,median,32,E22,772,23,15,0.9710691823899371,0.9809402795425667,0.9759797724399495
raja,S16/S29_20190111_034326_2,all_channel,BLINKER-concat,n/a,32,E9,1985,40,90,0.980246913580247,0.9566265060240964,0.9682926829268292
raja,S16/S29_20190111_034326_2,all_channel,MNE-annot,n/a,32,E9,55,81,2020,0.40441176470588236,0.02650602409638554,0.04975124378109452
raja,S16/S29_20190111_034326_2,all_channel,Proposed-Mean,mean,32,E9,1231,17,844,0.9863782051282052,0.5932530120481928,0.7408967800180559
raja,S16/S29_20190111_034326_2,all_channel,Proposed-Med,median,32,E9,1600,21,475,0.987045033929673,0.7710843373493976,0.8658008658008658
raja,S22/S35_20190123_040805_2,all_channel,BLINKER-concat,n/a,32,E9,545,428,74,0.5601233299075026,0.8804523424878837,0.6846733668341708
raja,S22/S35_20190123_040805_2,all_channel,MNE-annot,n/a,32,E22,13,7,606,0.65,0.0210016155088853,0.0406885758998435
raja,S22/S35_20190123_040805_2,all_channel,Proposed-Mean,mean,32,E9,450,133,169,0.7718696397941681,0.7269789983844911,0.7487520798668885
raja,S22/S35_20190123_040805_2,all_channel,Proposed-Med,median,32,E9,460,134,159,0.7744107744107744,0.7431340872374798,0.7584501236603464
raja,S23/S36_20190125_040931,all_channel,BLINKER-concat,n/a,32,E23,793,97,24,0.8910112359550562,0.9706242350061199,0.9291154071470417
raja,S23/S36_20190125_040931,all_channel,MNE-annot,n/a,32,E84,380,85,437,0.8172043010752689,0.46511627906976744,0.592823712948518
raja,S23/S36_20190125_040931,all_channel,Proposed-Mean,mean,32,E22,792,7,25,0.9912390488110138,0.9694002447980417,0.9801980198019803
raja,S23/S36_20190125_040931,all_channel,Proposed-Med,median,32,E22,794,9,23,0.9887920298879203,0.9718482252141983,0.9802469135802468
raja,S23/S36_20190125_040931_2,all_channel,BLINKER-concat,n/a,32,E22,839,199,32,0.8082851637764933,0.9632606199770379,0.8789942378208486
raja,S23/S36_20190125_040931_2,all_channel,MNE-annot,n/a,32,E47,110,209,761,0.3448275862068966,0.12629161882893225,0.18487394957983194
raja,S23/S36_20190125_040931_2,all_channel,Proposed-Mean,mean,32,E22,808,53,63,0.9384436701509872,0.9276693455797933,0.9330254041570438
raja,S23/S36_20190125_040931_2,all_channel,Proposed-Med,median,32,E22,814,56,57,0.9356321839080459,0.9345579793340988,0.9350947731188972
raja,S26/S39_20190130_052313_3,all_channel,BLINKER-concat,n/a,32,E22,636,90,58,0.8760330578512396,0.9164265129682997,0.895774647887324
raja,S26/S39_20190130_052313_3,all_channel,MNE-annot,n/a,32,E117,7,24,687,0.22580645161290322,0.010086455331412104,0.019310344827586205
raja,S26/S39_20190130_052313_3,all_channel,Proposed-Mean,mean,32,E22,575,41,119,0.9334415584415584,0.8285302593659942,0.8778625954198473
raja,S26/S39_20190130_052313_3,all_channel,Proposed-Med,median,32,E22,592,48,102,0.925,0.8530259365994236,0.8875562218890554
raja,S3/S03_20170605_033654_3,all_channel,BLINKER-concat,n/a,32,E22,84,379,7,0.18142548596112312,0.9230769230769231,0.3032490974729242
raja,S3/S03_20170605_033654_3,all_channel,MNE-annot,n/a,32,E9,52,157,39,0.24880382775119617,0.5714285714285714,0.3466666666666667
raja,S3/S03_20170605_033654_3,all_channel,Proposed-Mean,mean,32,E22,74,60,17,0.5522388059701493,0.8131868131868132,0.6577777777777778
raja,S3/S03_20170605_033654_3,all_channel,Proposed-Med,median,32,E22,74,62,17,0.5441176470588235,0.8131868131868132,0.6519823788546255
raja,S3/S03_20170605_033654,all_channel,BLINKER-concat,n/a,32,E23,54,316,3,0.14594594594594595,0.9473684210526315,0.2529274004683841
raja,S3/S03_20170605_033654,all_channel,MNE-annot,n/a,32,E9,54,154,3,0.25961538461538464,0.9473684210526315,0.4075471698113208
raja,S3/S03_20170605_033654,all_channel,Proposed-Mean,mean,32,E3,54,24,3,0.6923076923076923,0.9473684210526315,0.7999999999999999
raja,S3/S03_20170605_033654,all_channel,Proposed-Med,median,32,E3,54,24,3,0.6923076923076923,0.9473684210526315,0.7999999999999999
raja,S23/S36_20190125_040931_3,all_channel,BLINKER-concat,n/a,32,E22,922,276,32,0.7696160267111853,0.9664570230607966,0.8568773234200744
raja,S23/S36_20190125_040931_3,all_channel,MNE-annot,n/a,32,E37,63,457,891,0.12115384615384615,0.0660377358490566,0.08548168249660787
raja,S23/S36_20190125_040931_3,all_channel,Proposed-Mean,mean,32,E22,831,125,123,0.8692468619246861,0.8710691823899371,0.8701570680628272
raja,S23/S36_20190125_040931_3,all_channel,Proposed-Med,median,32,E22,851,131,103,0.8665987780040734,0.8920335429769392,0.8791322314049587
raja,S24/S38_20190129_035118_3,all_channel,BLINKER-concat,n/a,32,E22,819,109,45,0.8825431034482759,0.9479166666666666,0.9140625
raja,S24/S38_20190129_035118_3,all_channel,MNE-annot,n/a,32,E3,781,221,83,0.779441117764471,0.9039351851851852,0.8370846730975349
raja,S24/S38_20190129_035118_3,all_channel,Proposed-Mean,mean,32,E22,516,40,348,0.9280575539568345,0.5972222222222222,0.7267605633802816
raja,S24/S38_20190129_035118_3,all_channel,Proposed-Med,median,32,E22,572,60,292,0.9050632911392406,0.6620370370370371,0.7647058823529411
raja,S3/S03_20170605_033654_2,all_channel,BLINKER-concat,n/a,32,E22,91,344,2,0.20919540229885059,0.978494623655914,0.3446969696969697
raja,S3/S03_20170605_033654_2,all_channel,MNE-annot,n/a,32,E9,91,351,2,0.20588235294117646,0.978494623655914,0.3401869158878505
raja,S3/S03_20170605_033654_2,all_channel,Proposed-Mean,mean,32,E9,92,17,1,0.8440366972477065,0.989247311827957,0.9108910891089109
raja,S3/S03_20170605_033654_2,all_channel,Proposed-Med,median,32,E9,92,19,1,0.8288288288288288,0.989247311827957,0.9019607843137254
raja,S4/S04_20170606_045500,all_channel,BLINKER-concat,n/a,32,E9,563,157,10,0.7819444444444444,0.9825479930191972,0.8708430007733953
raja,S4/S04_20170606_045500,all_channel,MNE-annot,n/a,32,E9,513,10,60,0.9808795411089866,0.8952879581151832,0.9361313868613139
raja,S4/S04_20170606_045500,all_channel,Proposed-Mean,mean,32,E9,553,16,20,0.9718804920913884,0.9650959860383944,0.9684763572679509
raja,S4/S04_20170606_045500,all_channel,Proposed-Med,median,32,E9,556,17,17,0.9703315881326352,0.9703315881326352,0.9703315881326352
raja,S5/S05_20170607_032937_3,all_channel,BLINKER-concat,n/a,32,E9,407,77,3,0.8409090909090909,0.9926829268292683,0.9105145413870247
raja,S5/S05_20170607_032937_3,all_channel,MNE-annot,n/a,32,E9,403,49,7,0.8915929203539823,0.9829268292682927,0.9350348027842228
raja,S5/S05_20170607_032937_3,all_channel,Proposed-Mean,mean,32,E9,397,31,13,0.927570093457944,0.9682926829268292,0.9474940334128878
raja,S5/S05_20170607_032937_3,all_channel,Proposed-Med,median,32,E9,400,34,10,0.9216589861751152,0.975609756097561,0.947867298578199
raja,S4/S04_20170606_045500_2,all_channel,BLINKER-concat,n/a,32,E9,781,111,16,0.875560538116592,0.9799247176913425,0.9248075784487862
raja,S4/S04_20170606_045500_2,all_channel,MNE-annot,n/a,32,E117,452,2582,345,0.14897824653922215,0.5671267252195734,0.23596972069955627
raja,S4/S04_20170606_045500_2,all_channel,Proposed-Mean,mean,32,E9,744,28,53,0.9637305699481865,0.9335006273525721,0.9483747609942639
raja,S4/S04_20170606_045500_2,all_channel,Proposed-Med,median,32,E9,753,32,44,0.9592356687898089,0.944792973651192,0.9519595448798989
raja,S6/S06_20170817_034716_3,all_channel,BLINKER-concat,n/a,32,E124,282,280,24,0.501779359430605,0.9215686274509803,0.6497695852534562
raja,S6/S06_20170817_034716_3,all_channel,MNE-annot,n/a,32,E9,295,69,11,0.8104395604395604,0.9640522875816994,0.8805970149253731
raja,S6/S06_20170817_034716_3,all_channel,Proposed-Mean,mean,32,E22,295,62,11,0.8263305322128851,0.9640522875816994,0.8898944193061841
raja,S6/S06_20170817_034716_3,all_channel,Proposed-Med,median,32,E22,296,69,10,0.810958904109589,0.9673202614379085,0.8822652757078987
raja,S24/S38_20190129_035118,all_channel,BLINKER-concat,n/a,32,E9,1165,103,59,0.918769716088328,0.951797385620915,0.9349919743178169
raja,S24/S38_20190129_035118,all_channel,MNE-annot,n/a,32,E9,1092,64,132,0.9446366782006921,0.8921568627450981,0.9176470588235295
raja,S24/S38_20190129_035118,all_channel,Proposed-Mean,mean,32,E9,785,32,439,0.9608323133414932,0.6413398692810458,0.7692307692307693
raja,S24/S38_20190129_035118,all_channel,Proposed-Med,median,32,E9,855,36,369,0.9595959595959596,0.6985294117647058,0.8085106382978723
raja,S5/S05_20170607_032937,all_channel,BLINKER-concat,n/a,32,E3,305,183,10,0.625,0.9682539682539683,0.759651307596513
raja,S5/S05_20170607_032937,all_channel,MNE-annot,n/a,32,E9,306,42,9,0.8793103448275862,0.9714285714285714,0.923076923076923
raja,S5/S05_20170607_032937,all_channel,Proposed-Mean,mean,32,E22,305,37,10,0.8918128654970761,0.9682539682539683,0.928462709284627
raja,S5/S05_20170607_032937,all_channel,Proposed-Med,median,32,E9,305,37,10,0.8918128654970761,0.9682539682539683,0.928462709284627
raja,S24/S38_20190129_035118_2,all_channel,BLINKER-concat,n/a,32,E9,1026,157,91,0.8672865595942519,0.918531781557744,0.8921739130434783
raja,S24/S38_20190129_035118_2,all_channel,MNE-annot,n/a,32,E22,1012,196,105,0.8377483443708609,0.9059982094897046,0.8705376344086021
raja,S24/S38_20190129_035118_2,all_channel,Proposed-Mean,mean,32,E9,570,25,547,0.957983193277311,0.5102954341987467,0.6658878504672898
raja,S24/S38_20190129_035118_2,all_channel,Proposed-Med,median,32,E9,625,34,492,0.9484066767830045,0.5595344673231871,0.7038288288288288
raja,S5/S05_20170607_032937_2,all_channel,BLINKER-concat,n/a,32,E9,514,102,10,0.8344155844155844,0.9809160305343512,0.9017543859649123
raja,S5/S05_20170607_032937_2,all_channel,MNE-annot,n/a,32,E22,502,82,22,0.8595890410958904,0.9580152671755725,0.9061371841155235
raja,S5/S05_20170607_032937_2,all_channel,Proposed-Mean,mean,32,E9,507,34,17,0.9371534195933456,0.9675572519083969,0.9521126760563381
raja,S5/S05_20170607_032937_2,all_channel,Proposed-Med,median,32,E9,509,38,15,0.9305301645338209,0.9713740458015268,0.9505135387488329
raja,S6/S06_20170817_034716,all_channel,BLINKER-concat,n/a,32,E124,300,348,51,0.46296296296296297,0.8547008547008547,0.6006006006006006
raja,S6/S06_20170817_034716,all_channel,MNE-annot,n/a,32,E9,320,46,31,0.8743169398907104,0.9116809116809117,0.8926080892608088
raja,S6/S06_20170817_034716,all_channel,Proposed-Mean,mean,32,E9,324,63,27,0.8372093023255814,0.9230769230769231,0.878048780487805
raja,S6/S06_20170817_034716,all_channel,Proposed-Med,median,32,E9,325,69,26,0.8248730964467005,0.9259259259259259,0.87248322147651
raja,S6/S06_20170817_034716_2,all_channel,BLINKER-concat,n/a,32,E11,431,349,31,0.5525641025641026,0.9329004329004329,0.6940418679549114
raja,S6/S06_20170817_034716_2,all_channel,MNE-annot,n/a,32,E9,439,51,23,0.8959183673469387,0.9502164502164502,0.9222689075630253
raja,S6/S06_20170817_034716_2,all_channel,Proposed-Mean,mean,32,E22,445,77,17,0.8524904214559387,0.9632034632034632,0.9044715447154472
raja,S6/S06_20170817_034716_2,all_channel,Proposed-Med,median,32,E22,448,89,14,0.8342644320297952,0.9696969696969697,0.8968968968968969
raja,S4/S04_20170606_045500_3,all_channel,BLINKER-concat,n/a,32,E9,1226,45,10,0.964594807238395,0.9919093851132686,0.9780614280015956
raja,S4/S04_20170606_045500_3,all_channel,MNE-annot,n/a,32,E9,906,18,330,0.9805194805194806,0.7330097087378641,0.8388888888888889
raja,S4/S04_20170606_045500_3,all_channel,Proposed-Mean,mean,32,E9,1203,35,33,0.9717285945072698,0.9733009708737864,0.9725141471301536
raja,S4/S04_20170606_045500_3,all_channel,Proposed-Med,median,32,E9,1212,38,24,0.9696,0.9805825242718447,0.9750603378921964
raja,S21/S34_20190122_044130_3,all_channel,BLINKER-concat,n/a,32,E22,1863,5,6,0.9973233404710921,0.9967897271268058,0.9970564624029971
raja,S21/S34_20190122_044130_3,all_channel,MNE-annot,n/a,32,E22,1862,18,7,0.9904255319148936,0.9962546816479401,0.993331555081355
raja,S21/S34_20190122_044130_3,all_channel,Proposed-Mean,mean,32,E22,1827,2,42,0.9989065062875888,0.9775280898876404,0.9881016765819362
raja,S21/S34_20190122_044130_3,all_channel,Proposed-Med,median,32,E22,1849,1,20,0.9994594594594595,0.9892990904226859,0.9943533207851573
raja,S21/S34_20190122_044130,all_channel,BLINKER-concat,n/a,32,E9,1923,25,12,0.9871663244353183,0.993798449612403,0.9904712850888489
raja,S21/S34_20190122_044130,all_channel,MNE-annot,n/a,32,E9,1923,25,12,0.9871663244353183,0.993798449612403,0.9904712850888489
raja,S21/S34_20190122_044130,all_channel,Proposed-Mean,mean,32,E9,1902,7,33,0.9963331587218439,0.9829457364341085,0.9895941727367327
raja,S21/S34_20190122_044130,all_channel,Proposed-Med,median,32,E9,1919,10,16,0.9948159668221876,0.9917312661498708,0.9932712215320912
raja,S21/S34_20190122_044130_2,all_channel,BLINKER-concat,n/a,32,E9,1971,13,25,0.9934475806451613,0.9874749498997996,0.9904522613065325
raja,S21/S34_20190122_044130_2,all_channel,MNE-annot,n/a,32,E22,1971,9,25,0.9954545454545455,0.9874749498997996,0.9914486921529174
raja,S21/S34_20190122_044130_2,all_channel,Proposed-Mean,mean,32,E9,1954,8,42,0.9959225280326198,0.9789579158316634,0.987367357251137
raja,S21/S34_20190122_044130_2,all_channel,Proposed-Med,median,32,E22,1963,9,33,0.9954361054766734,0.9834669338677354,0.9894153225806451
