channel,raw_candidate_count,mapped_candidate_count,tp,fp,fn,precision,recall,f1,dataset,session,selection,center_method,condition,n_channels_used,n_valid,flagged_valid_epoch_indices,n_flagged,used_all_epochs,blink_region_threshold,threshold_center,threshold_dispersion
E22,565,565,458,107,50,0.8106194690265487,0.9015748031496063,0.853681267474371,raja,S13/S26_20190108_035218_3,all_channel,median,median__all_channel__E22,32,48,"[3, 5, 6, 8, 10, 11, 12, 13, 14, 15, 16, 17, 18, 19, 21, 22, 25, 29, 30, 34, 35, 36, 38, 40, 41, 42, 43, 46, 47]",29,False,8.091424972889931e-05,-4.715956119952142e-06,2.854340194961715e-05
E9,542,542,441,101,67,0.8136531365313653,0.8681102362204725,0.84,raja,S13/S26_20190108_035218_3,all_channel,median,median__all_channel__E9,32,48,"[3, 5, 6, 8, 10, 11, 12, 13, 14, 15, 16, 17, 18, 19, 21, 22, 25, 29, 30, 34, 35, 36, 38, 40, 41, 42, 43, 46, 47]",29,False,7.179976629354441e-05,-3.557349034872044e-06,2.5119038442805486e-05
E26,572,572,442,130,66,0.7727272727272727,0.8700787401574803,0.8185185185185184,raja,S13/S26_20190108_035218_3,all_channel,median,median__all_channel__E26,32,48,"[3, 5, 6, 8, 10, 11, 12, 13, 14, 15, 16, 17, 18, 19, 21, 22, 25, 29, 30, 34, 35, 36, 38, 40, 41, 42, 43, 46, 47]",29,False,5.936964557623088e-05,-3.1075707858062423e-06,2.0825738787345707e-05
E23,494,494,397,97,111,0.8036437246963563,0.781496062992126,0.7924151696606787,raja,S13/S26_20190108_035218_3,all_channel,median,median__all_channel__E23,32,48,"[3, 5, 6, 8, 10, 11, 12, 13, 14, 15, 16, 17, 18, 19, 21, 22, 25, 29, 30, 34, 35, 36, 38, 40, 41, 42, 43, 46, 47]",29,False,5.762897112913372e-05,-2.8969557103080744e-06,2.0175308946480597e-05
E11,462,462,378,84,130,0.8181818181818182,0.7440944881889764,0.7793814432989691,raja,S13/S26_20190108_035218_3,all_channel,median,median__all_channel__E11,32,48,"[3, 5, 6, 8, 10, 11, 12, 13, 14, 15, 16, 17, 18, 19, 21, 22, 25, 29, 30, 34, 35, 36, 38, 40, 41, 42, 43, 46, 47]",29,False,3.478132899776879e-05,-1.5509230015601934e-06,1.2110750666442996e-05
E3,445,445,366,79,142,0.8224719101123595,0.7204724409448819,0.7681007345225603,raja,S13/S26_20190108_035218_3,all_channel,median,median__all_channel__E3,32,48,"[3, 5, 6, 8, 10, 11, 12, 13, 14, 15, 16, 17, 18, 19, 21, 22, 25, 29, 30, 34, 35, 36, 38, 40, 41, 42, 43, 46, 47]",29,False,4.2051486976933483e-05,-1.8169957891817049e-06,1.4622827588705063e-05
E24,399,399,328,71,180,0.8220551378446115,0.6456692913385826,0.7232635060639471,raja,S13/S26_20190108_035218_3,all_channel,median,median__all_channel__E24,32,48,"[3, 5, 6, 8, 10, 11, 12, 13, 14, 15, 16, 17, 18, 19, 21, 22, 25, 29, 30, 34, 35, 36, 38, 40, 41, 42, 43, 46, 47]",29,False,3.378236341887096e-05,-1.4447563190641326e-06,1.1742373245978365e-05
E124,247,247,197,50,311,0.7975708502024291,0.38779527559055116,0.5218543046357617,raja,S13/S26_20190108_035218_3,all_channel,median,median__all_channel__E124,32,48,"[3, 5, 6, 8, 10, 11, 12, 13, 14, 15, 16, 17, 18, 19, 21, 22, 25, 29, 30, 34, 35, 36, 38, 40, 41, 42, 43, 46, 47]",29,False,2.8385130893582648e-05,-7.266135814058308e-07,9.703914824996159e-06
E28,195,195,141,54,367,0.7230769230769231,0.27755905511811024,0.40113798008534846,raja,S13/S26_20190108_035218_3,all_channel,median,median__all_channel__E28,32,48,"[3, 5, 6, 8, 10, 11, 12, 13, 14, 15, 16, 17, 18, 19, 21, 22, 25, 29, 30, 34, 35, 36, 38, 40, 41, 42, 43, 46, 47]",29,False,2.529865220811119e-05,-6.304854991647428e-07,8.64304590242531e-06
E33,304,304,100,204,408,0.32894736842105265,0.1968503937007874,0.24630541871921185,raja,S13/S26_20190108_035218_3,all_channel,median,median__all_channel__E33,32,48,"[3, 5, 6, 8, 10, 11, 12, 13, 14, 15, 16, 17, 18, 19, 21, 22, 25, 29, 30, 34, 35, 36, 38, 40, 41, 42, 43, 46, 47]",29,False,2.2300971572031185e-05,-2.3953098708300304e-07,7.513500853038062e-06
E117,44,44,23,21,485,0.5227272727272727,0.045275590551181105,0.08333333333333333,raja,S13/S26_20190108_035218_3,all_channel,median,median__all_channel__E117,32,48,"[3, 5, 6, 8, 10, 11, 12, 13, 14, 15, 16, 17, 18, 19, 21, 22, 25, 29, 30, 34, 35, 36, 38, 40, 41, 42, 43, 46, 47]",29,False,2.1032688533931772e-05,-1.3337805984474937e-07,7.05535553125884e-06
E122,75,75,20,55,488,0.26666666666666666,0.03937007874015748,0.0686106346483705,raja,S13/S26_20190108_035218_3,all_channel,median,median__all_channel__E122,32,48,"[3, 5, 6, 8, 10, 11, 12, 13, 14, 15, 16, 17, 18, 19, 21, 22, 25, 29, 30, 34, 35, 36, 38, 40, 41, 42, 43, 46, 47]",29,False,2.4921966325753293e-05,2.5492505058043733e-07,8.222347091724284e-06
E40,84,84,14,70,494,0.16666666666666666,0.027559055118110236,0.0472972972972973,raja,S13/S26_20190108_035218_3,all_channel,median,median__all_channel__E40,32,48,"[3, 5, 6, 8, 10, 11, 12, 13, 14, 15, 16, 17, 18, 19, 21, 22, 25, 29, 30, 34, 35, 36, 38, 40, 41, 42, 43, 46, 47]",29,False,1.896955244368553e-05,2.0276690264386396e-07,6.2555951803472214e-06
E13,22,22,9,13,499,0.4090909090909091,0.017716535433070866,0.033962264150943396,raja,S13/S26_20190108_035218_3,all_channel,median,median__all_channel__E13,32,48,"[3, 5, 6, 8, 10, 11, 12, 13, 14, 15, 16, 17, 18, 19, 21, 22, 25, 29, 30, 34, 35, 36, 38, 40, 41, 42, 43, 46, 47]",29,False,1.791007479374701e-05,-1.34183668637385e-08,5.974497720203583e-06
E75,149,149,11,138,497,0.0738255033557047,0.021653543307086614,0.0334855403348554,raja,S13/S26_20190108_035218_3,all_channel,median,median__all_channel__E75,32,48,"[3, 5, 6, 8, 10, 11, 12, 13, 14, 15, 16, 17, 18, 19, 21, 22, 25, 29, 30, 34, 35, 36, 38, 40, 41, 42, 43, 46, 47]",29,False,3.228267954945452e-05,2.5892443782710564e-07,1.067458503720914e-05
E67,100,100,7,93,501,0.07,0.013779527559055118,0.023026315789473683,raja,S13/S26_20190108_035218_3,all_channel,median,median__all_channel__E67,32,48,"[3, 5, 6, 8, 10, 11, 12, 13, 14, 15, 16, 17, 18, 19, 21, 22, 25, 29, 30, 34, 35, 36, 38, 40, 41, 42, 43, 46, 47]",29,False,2.7053931977451833e-05,4.599324752807799e-07,8.864666500723685e-06
E109,34,34,5,29,503,0.14705882352941177,0.00984251968503937,0.018450184501845015,raja,S13/S26_20190108_035218_3,all_channel,median,median__all_channel__E109,32,48,"[3, 5, 6, 8, 10, 11, 12, 13, 14, 15, 16, 17, 18, 19, 21, 22, 25, 29, 30, 34, 35, 36, 38, 40, 41, 42, 43, 46, 47]",29,False,1.8666154049914705e-05,6.202086110942421e-07,6.015315146273488e-06
E62,92,92,4,88,504,0.043478260869565216,0.007874015748031496,0.013333333333333332,raja,S13/S26_20190108_035218_3,all_channel,median,median__all_channel__E62,32,48,"[3, 5, 6, 8, 10, 11, 12, 13, 14, 15, 16, 17, 18, 19, 21, 22, 25, 29, 30, 34, 35, 36, 38, 40, 41, 42, 43, 46, 47]",29,False,2.186295951823973e-05,4.432753729377695e-07,7.139894715100653e-06
E70,93,93,4,89,504,0.043010752688172046,0.007874015748031496,0.013311148086522463,raja,S13/S26_20190108_035218_3,all_channel,median,median__all_channel__E70,32,48,"[3, 5, 6, 8, 10, 11, 12, 13, 14, 15, 16, 17, 18, 19, 21, 22, 25, 29, 30, 34, 35, 36, 38, 40, 41, 42, 43, 46, 47]",29,False,2.5997162178947703e-05,6.002183553847797e-07,8.465647941187642e-06
E77,119,119,4,115,504,0.03361344537815126,0.007874015748031496,0.012759170653907496,raja,S13/S26_20190108_035218_3,all_channel,median,median__all_channel__E77,32,48,"[3, 5, 6, 8, 10, 11, 12, 13, 14, 15, 16, 17, 18, 19, 21, 22, 25, 29, 30, 34, 35, 36, 38, 40, 41, 42, 43, 46, 47]",29,False,2.551519275905473e-05,6.323967624528422e-07,8.294265332200629e-06
E83,111,111,3,108,505,0.02702702702702703,0.005905511811023622,0.009693053311793213,raja,S13/S26_20190108_035218_3,all_channel,median,median__all_channel__E83,32,48,"[3, 5, 6, 8, 10, 11, 12, 13, 14, 15, 16, 17, 18, 19, 21, 22, 25, 29, 30, 34, 35, 36, 38, 40, 41, 42, 43, 46, 47]",29,False,2.5176066913342913e-05,6.692715294500644e-07,8.16893179463095e-06
E59,80,80,2,78,506,0.025,0.003937007874015748,0.006802721088435374,raja,S13/S26_20190108_035218_3,all_channel,median,median__all_channel__E59,32,48,"[3, 5, 6, 8, 10, 11, 12, 13, 14, 15, 16, 17, 18, 19, 21, 22, 25, 29, 30, 34, 35, 36, 38, 40, 41, 42, 43, 46, 47]",29,False,1.9570264205177624e-05,6.369322259222972e-07,6.311110659751776e-06
E104,20,20,1,19,507,0.05,0.001968503937007874,0.003787878787878788,raja,S13/S26_20190108_035218_3,all_channel,median,median__all_channel__E104,32,48,"[3, 5, 6, 8, 10, 11, 12, 13, 14, 15, 16, 17, 18, 19, 21, 22, 25, 29, 30, 34, 35, 36, 38, 40, 41, 42, 43, 46, 47]",29,False,1.5250526187209879e-05,2.2653063798974533e-07,5.007998516406712e-06
E84,51,51,1,50,507,0.0196078431372549,0.001968503937007874,0.0035778175313059034,raja,S13/S26_20190108_035218_3,all_channel,median,median__all_channel__E84,32,48,"[3, 5, 6, 8, 10, 11, 12, 13, 14, 15, 16, 17, 18, 19, 21, 22, 25, 29, 30, 34, 35, 36, 38, 40, 41, 42, 43, 46, 47]",29,False,2.698520803130264e-05,5.336033315098302e-07,8.817201566597603e-06
E91,67,67,1,66,507,0.014925373134328358,0.001968503937007874,0.003478260869565218,raja,S13/S26_20190108_035218_3,all_channel,median,median__all_channel__E91,32,48,"[3, 5, 6, 8, 10, 11, 12, 13, 14, 15, 16, 17, 18, 19, 21, 22, 25, 29, 30, 34, 35, 36, 38, 40, 41, 42, 43, 46, 47]",29,False,2.417806831969e-05,6.096394262794721e-07,7.856142964470177e-06
E112,11,11,0,11,508,0.0,0.0,0.0,raja,S13/S26_20190108_035218_3,all_channel,median,median__all_channel__E112,32,48,"[3, 5, 6, 8, 10, 11, 12, 13, 14, 15, 16, 17, 18, 19, 21, 22, 25, 29, 30, 34, 35, 36, 38, 40, 41, 42, 43, 46, 47]",29,False,1.733773217693263e-05,2.4916525778821763e-08,5.770938550384602e-06
E98,14,14,0,14,508,0.0,0.0,0.0,raja,S13/S26_20190108_035218_3,all_channel,median,median__all_channel__E98,32,48,"[3, 5, 6, 8, 10, 11, 12, 13, 14, 15, 16, 17, 18, 19, 21, 22, 25, 29, 30, 34, 35, 36, 38, 40, 41, 42, 43, 46, 47]",29,False,3.3387394915920485e-05,4.086590908000345e-07,1.0992911941706815e-05
E87,29,29,0,29,508,0.0,0.0,0.0,raja,S13/S26_20190108_035218_3,all_channel,median,median__all_channel__E87,32,48,"[3, 5, 6, 8, 10, 11, 12, 13, 14, 15, 16, 17, 18, 19, 21, 22, 25, 29, 30, 34, 35, 36, 38, 40, 41, 42, 43, 46, 47]",29,False,1.5149226108189452e-05,3.319012597768504e-07,4.9391082828042e-06
E37,35,35,0,35,508,0.0,0.0,0.0,raja,S13/S26_20190108_035218_3,all_channel,median,median__all_channel__E37,32,48,"[3, 5, 6, 8, 10, 11, 12, 13, 14, 15, 16, 17, 18, 19, 21, 22, 25, 29, 30, 34, 35, 36, 38, 40, 41, 42, 43, 46, 47]",29,False,1.5772066922263613e-05,2.171154510443077e-07,5.184983823739768e-06
E47,46,46,0,46,508,0.0,0.0,0.0,raja,S13/S26_20190108_035218_3,all_channel,median,median__all_channel__E47,32,48,"[3, 5, 6, 8, 10, 11, 12, 13, 14, 15, 16, 17, 18, 19, 21, 22, 25, 29, 30, 34, 35, 36, 38, 40, 41, 42, 43, 46, 47]",29,False,1.8949403592438374e-05,3.339001329239387e-07,6.205167819838145e-06
E85,73,73,0,73,508,0.0,0.0,0.0,raja,S13/S26_20190108_035218_3,all_channel,median,median__all_channel__E85,32,48,"[3, 5, 6, 8, 10, 11, 12, 13, 14, 15, 16, 17, 18, 19, 21, 22, 25, 29, 30, 34, 35, 36, 38, 40, 41, 42, 43, 46, 47]",29,False,2.0397879698972973e-05,5.158660266909896e-07,6.627337890760661e-06
E60,83,83,0,83,508,0.0,0.0,0.0,raja,S13/S26_20190108_035218_3,all_channel,median,median__all_channel__E60,32,48,"[3, 5, 6, 8, 10, 11, 12, 13, 14, 15, 16, 17, 18, 19, 21, 22, 25, 29, 30, 34, 35, 36, 38, 40, 41, 42, 43, 46, 47]",29,False,1.8583390017742005e-05,4.788486040087315e-07,6.03484713791109e-06
E22,542,542,442,100,66,0.8154981549815498,0.8700787401574803,0.8419047619047618,raja,S13/S26_20190108_035218_3,all_channel,mean,mean__all_channel__E22,32,48,"[3, 5, 6, 8, 10, 11, 12, 13, 14, 15, 16, 17, 18, 19, 21, 22, 25, 29, 30, 34, 35, 36, 38, 40, 41, 42, 43, 46, 47]",29,False,8.555921222613268e-05,-7.099362271877216e-08,2.854340194961715e-05
E26,552,552,432,120,76,0.782608695652174,0.8503937007874016,0.8150943396226416,raja,S13/S26_20190108_035218_3,all_channel,mean,mean__all_channel__E26,32,48,"[3, 5, 6, 8, 10, 11, 12, 13, 14, 15, 16, 17, 18, 19, 21, 22, 25, 29, 30, 34, 35, 36, 38, 40, 41, 42, 43, 46, 47]",29,False,6.260368858266858e-05,1.264722206314527e-07,2.0825738787345707e-05
E9,524,524,420,104,88,0.8015267175572519,0.8267716535433071,0.8139534883720929,raja,S13/S26_20190108_035218_3,all_channel,mean,mean__all_channel__E9,32,48,"[3, 5, 6, 8, 10, 11, 12, 13, 14, 15, 16, 17, 18, 19, 21, 22, 25, 29, 30, 34, 35, 36, 38, 40, 41, 42, 43, 46, 47]",29,False,7.571485946889479e-05,3.577441404783304e-07,2.5119038442805486e-05
E23,467,467,386,81,122,0.8265524625267666,0.7598425196850394,0.7917948717948717,raja,S13/S26_20190108_035218_3,all_channel,mean,mean__all_channel__E23,32,48,"[3, 5, 6, 8, 10, 11, 12, 13, 14, 15, 16, 17, 18, 19, 21, 22, 25, 29, 30, 34, 35, 36, 38, 40, 41, 42, 43, 46, 47]",29,False,6.0406803135142833e-05,-1.1912370429896028e-07,2.0175308946480597e-05
E11,447,447,364,83,144,0.814317673378076,0.7165354330708661,0.7623036649214658,raja,S13/S26_20190108_035218_3,all_channel,mean,mean__all_channel__E11,32,48,"[3, 5, 6, 8, 10, 11, 12, 13, 14, 15, 16, 17, 18, 19, 21, 22, 25, 29, 30, 34, 35, 36, 38, 40, 41, 42, 43, 46, 47]",29,False,3.619028548666822e-05,-1.419665126607691e-07,1.2110750666442996e-05
E3,403,403,338,65,170,0.8387096774193549,0.6653543307086615,0.7420417124039517,raja,S13/S26_20190108_035218_3,all_channel,mean,mean__all_channel__E3,32,48,"[3, 5, 6, 8, 10, 11, 12, 13, 14, 15, 16, 17, 18, 19, 21, 22, 25, 29, 30, 34, 35, 36, 38, 40, 41, 42, 43, 46, 47]",29,False,4.52217338414615e-05,1.3532510753463133e-06,1.4622827588705063e-05
E24,373,373,311,62,197,0.8337801608579088,0.6122047244094488,0.7060158910329171,raja,S13/S26_20190108_035218_3,all_channel,mean,mean__all_channel__E24,32,48,"[3, 5, 6, 8, 10, 11, 12, 13, 14, 15, 16, 17, 18, 19, 21, 22, 25, 29, 30, 34, 35, 36, 38, 40, 41, 42, 43, 46, 47]",29,False,3.5170854160621916e-05,-5.626557731317931e-08,1.1742373245978365e-05
E124,237,237,190,47,318,0.8016877637130801,0.37401574803149606,0.5100671140939597,raja,S13/S26_20190108_035218_3,all_channel,mean,mean__all_channel__E124,32,48,"[3, 5, 6, 8, 10, 11, 12, 13, 14, 15, 16, 17, 18, 19, 21, 22, 25, 29, 30, 34, 35, 36, 38, 40, 41, 42, 43, 46, 47]",29,False,2.887584476306694e-05,-2.3589971192153807e-07,9.703914824996159e-06
E28,181,181,133,48,375,0.7348066298342542,0.2618110236220472,0.386066763425254,raja,S13/S26_20190108_035218_3,all_channel,mean,mean__all_channel__E28,32,48,"[3, 5, 6, 8, 10, 11, 12, 13, 14, 15, 16, 17, 18, 19, 21, 22, 25, 29, 30, 34, 35, 36, 38, 40, 41, 42, 43, 46, 47]",29,False,2.5957267071682656e-05,2.8129364406725578e-08,8.64304590242531e-06
E33,293,293,95,198,413,0.3242320819112628,0.18700787401574803,0.23720349563046192,raja,S13/S26_20190108_035218_3,all_channel,mean,mean__all_channel__E33,32,48,"[3, 5, 6, 8, 10, 11, 12, 13, 14, 15, 16, 17, 18, 19, 21, 22, 25, 29, 30, 34, 35, 36, 38, 40, 41, 42, 43, 46, 47]",29,False,2.270174299523916e-05,1.6124043612497262e-07,7.513500853038062e-06
E117,45,45,23,22,485,0.5111111111111111,0.045275590551181105,0.08318264014466546,raja,S13/S26_20190108_035218_3,all_channel,mean,mean__all_channel__E117,32,48,"[3, 5, 6, 8, 10, 11, 12, 13, 14, 15, 16, 17, 18, 19, 21, 22, 25, 29, 30, 34, 35, 36, 38, 40, 41, 42, 43, 46, 47]",29,False,2.124271052479646e-05,7.664393101994045e-08,7.05535553125884e-06
E122,76,76,20,56,488,0.2631578947368421,0.03937007874015748,0.0684931506849315,raja,S13/S26_20190108_035218_3,all_channel,mean,mean__all_channel__E122,32,48,"[3, 5, 6, 8, 10, 11, 12, 13, 14, 15, 16, 17, 18, 19, 21, 22, 25, 29, 30, 34, 35, 36, 38, 40, 41, 42, 43, 46, 47]",29,False,2.4710636754535525e-05,4.359547936267245e-08,8.222347091724284e-06
E40,90,90,14,76,494,0.15555555555555556,0.027559055118110236,0.046822742474916385,raja,S13/S26_20190108_035218_3,all_channel,mean,mean__all_channel__E40,32,48,"[3, 5, 6, 8, 10, 11, 12, 13, 14, 15, 16, 17, 18, 19, 21, 22, 25, 29, 30, 34, 35, 36, 38, 40, 41, 42, 43, 46, 47]",29,False,1.863050176629816e-05,-1.3628377474350443e-07,6.2555951803472214e-06
E13,24,24,10,14,498,0.4166666666666667,0.01968503937007874,0.03759398496240601,raja,S13/S26_20190108_035218_3,all_channel,mean,mean__all_channel__E13,32,48,"[3, 5, 6, 8, 10, 11, 12, 13, 14, 15, 16, 17, 18, 19, 21, 22, 25, 29, 30, 34, 35, 36, 38, 40, 41, 42, 43, 46, 47]",29,False,1.773595394016517e-05,-1.8753922044557697e-07,5.974497720203583e-06
E75,157,157,12,145,496,0.07643312101910828,0.023622047244094488,0.03609022556390977,raja,S13/S26_20190108_035218_3,all_channel,mean,mean__all_channel__E75,32,48,"[3, 5, 6, 8, 10, 11, 12, 13, 14, 15, 16, 17, 18, 19, 21, 22, 25, 29, 30, 34, 35, 36, 38, 40, 41, 42, 43, 46, 47]",29,False,3.1946807427831425e-05,-7.694768379598836e-08,1.067458503720914e-05
E67,106,106,8,98,500,0.07547169811320754,0.015748031496062992,0.026058631921824102,raja,S13/S26_20190108_035218_3,all_channel,mean,mean__all_channel__E67,32,48,"[3, 5, 6, 8, 10, 11, 12, 13, 14, 15, 16, 17, 18, 19, 21, 22, 25, 29, 30, 34, 35, 36, 38, 40, 41, 42, 43, 46, 47]",29,False,2.644000006522943e-05,-1.5399943694162296e-07,8.864666500723685e-06
E109,43,43,6,37,502,0.13953488372093023,0.011811023622047244,0.021778584392014518,raja,S13/S26_20190108_035218_3,all_channel,mean,mean__all_channel__E109,32,48,"[3, 5, 6, 8, 10, 11, 12, 13, 14, 15, 16, 17, 18, 19, 21, 22, 25, 29, 30, 34, 35, 36, 38, 40, 41, 42, 43, 46, 47]",29,False,1.7994823383253866e-05,-5.112205556659747e-08,6.015315146273488e-06
E62,105,105,4,101,504,0.0380952380952381,0.007874015748031496,0.013050570962479607,raja,S13/S26_20190108_035218_3,all_channel,mean,mean__all_channel__E62,32,48,"[3, 5, 6, 8, 10, 11, 12, 13, 14, 15, 16, 17, 18, 19, 21, 22, 25, 29, 30, 34, 35, 36, 38, 40, 41, 42, 43, 46, 47]",29,False,2.125776405166827e-05,-1.6192009363369042e-07,7.139894715100653e-06
E70,109,109,4,105,504,0.03669724770642202,0.007874015748031496,0.012965964343598054,raja,S13/S26_20190108_035218_3,all_channel,mean,mean__all_channel__E70,32,48,"[3, 5, 6, 8, 10, 11, 12, 13, 14, 15, 16, 17, 18, 19, 21, 22, 25, 29, 30, 34, 35, 36, 38, 40, 41, 42, 43, 46, 47]",29,False,2.511430363530199e-05,-2.8264018826093214e-07,8.465647941187642e-06
E77,127,127,4,123,504,0.031496062992125984,0.007874015748031496,0.012598425196850392,raja,S13/S26_20190108_035218_3,all_channel,mean,mean__all_channel__E77,32,48,"[3, 5, 6, 8, 10, 11, 12, 13, 14, 15, 16, 17, 18, 19, 21, 22, 25, 29, 30, 34, 35, 36, 38, 40, 41, 42, 43, 46, 47]",29,False,2.4797318632786144e-05,-8.547736381574307e-08,8.294265332200629e-06
E83,132,132,4,128,504,0.030303030303030304,0.007874015748031496,0.012499999999999999,raja,S13/S26_20190108_035218_3,all_channel,mean,mean__all_channel__E83,32,48,"[3, 5, 6, 8, 10, 11, 12, 13, 14, 15, 16, 17, 18, 19, 21, 22, 25, 29, 30, 34, 35, 36, 38, 40, 41, 42, 43, 46, 47]",29,False,2.4321486496098438e-05,-1.85308887794409e-07,8.16893179463095e-06
E59,109,109,2,107,506,0.01834862385321101,0.003937007874015748,0.006482982171799027,raja,S13/S26_20190108_035218_3,all_channel,mean,mean__all_channel__E59,32,48,"[3, 5, 6, 8, 10, 11, 12, 13, 14, 15, 16, 17, 18, 19, 21, 22, 25, 29, 30, 34, 35, 36, 38, 40, 41, 42, 43, 46, 47]",29,False,1.874746538017195e-05,-1.8586659908337897e-07,6.311110659751776e-06
E104,25,25,1,24,507,0.04,0.001968503937007874,0.0037523452157598495,raja,S13/S26_20190108_035218_3,all_channel,mean,mean__all_channel__E104,32,48,"[3, 5, 6, 8, 10, 11, 12, 13, 14, 15, 16, 17, 18, 19, 21, 22, 25, 29, 30, 34, 35, 36, 38, 40, 41, 42, 43, 46, 47]",29,False,1.4873444581382908e-05,-1.5055096783722719e-07,5.007998516406712e-06
E84,61,61,1,60,507,0.01639344262295082,0.001968503937007874,0.00351493848857645,raja,S13/S26_20190108_035218_3,all_channel,mean,mean__all_channel__E84,32,48,"[3, 5, 6, 8, 10, 11, 12, 13, 14, 15, 16, 17, 18, 19, 21, 22, 25, 29, 30, 34, 35, 36, 38, 40, 41, 42, 43, 46, 47]",29,False,2.62340499355458e-05,-2.1755476424700858e-07,8.817201566597603e-06
E91,83,83,1,82,507,0.012048192771084338,0.001968503937007874,0.00338409475465313,raja,S13/S26_20190108_035218_3,all_channel,mean,mean__all_channel__E91,32,48,"[3, 5, 6, 8, 10, 11, 12, 13, 14, 15, 16, 17, 18, 19, 21, 22, 25, 29, 30, 34, 35, 36, 38, 40, 41, 42, 43, 46, 47]",29,False,2.3390744313524326e-05,-1.7768457988620118e-07,7.856142964470177e-06
E60,97,97,1,96,507,0.010309278350515464,0.001968503937007874,0.0033057851239669425,raja,S13/S26_20190108_035218_3,all_channel,mean,mean__all_channel__E60,32,48,"[3, 5, 6, 8, 10, 11, 12, 13, 14, 15, 16, 17, 18, 19, 21, 22, 25, 29, 30, 34, 35, 36, 38, 40, 41, 42, 43, 46, 47]",29,False,1.787766462027392e-05,-2.2687679345935101e-07,6.03484713791109e-06
E112,10,10,0,10,508,0.0,0.0,0.0,raja,S13/S26_20190108_035218_3,all_channel,mean,mean__all_channel__E112,32,48,"[3, 5, 6, 8, 10, 11, 12, 13, 14, 15, 16, 17, 18, 19, 21, 22, 25, 29, 30, 34, 35, 36, 38, 40, 41, 42, 43, 46, 47]",29,False,1.7397084103336318e-05,8.426845218251177e-08,5.770938550384602e-06
E98,16,16,0,16,508,0.0,0.0,0.0,raja,S13/S26_20190108_035218_3,all_channel,mean,mean__all_channel__E98,32,48,"[3, 5, 6, 8, 10, 11, 12, 13, 14, 15, 16, 17, 18, 19, 21, 22, 25, 29, 30, 34, 35, 36, 38, 40, 41, 42, 43, 46, 47]",29,False,3.2670069078832095e-05,-3.0866674628835413e-07,1.0992911941706815e-05
E87,36,36,0,36,508,0.0,0.0,0.0,raja,S13/S26_20190108_035218_3,all_channel,mean,mean__all_channel__E87,32,48,"[3, 5, 6, 8, 10, 11, 12, 13, 14, 15, 16, 17, 18, 19, 21, 22, 25, 29, 30, 34, 35, 36, 38, 40, 41, 42, 43, 46, 47]",29,False,1.4851376634358122e-05,3.4051785945519765e-08,4.9391082828042e-06
E37,40,40,0,40,508,0.0,0.0,0.0,raja,S13/S26_20190108_035218_3,all_channel,mean,mean__all_channel__E37,32,48,"[3, 5, 6, 8, 10, 11, 12, 13, 14, 15, 16, 17, 18, 19, 21, 22, 25, 29, 30, 34, 35, 36, 38, 40, 41, 42, 43, 46, 47]",29,False,1.5407754217993767e-05,-1.4719725322553873e-07,5.184983823739768e-06
E47,50,50,0,50,508,0.0,0.0,0.0,raja,S13/S26_20190108_035218_3,all_channel,mean,mean__all_channel__E47,32,48,"[3, 5, 6, 8, 10, 11, 12, 13, 14, 15, 16, 17, 18, 19, 21, 22, 25, 29, 30, 34, 35, 36, 38, 40, 41, 42, 43, 46, 47]",29,False,1.8687101768004125e-05,7.159830848968954e-08,6.205167819838145e-06
E85,93,93,0,93,508,0.0,0.0,0.0,raja,S13/S26_20190108_035218_3,all_channel,mean,mean__all_channel__E85,32,48,"[3, 5, 6, 8, 10, 11, 12, 13, 14, 15, 16, 17, 18, 19, 21, 22, 25, 29, 30, 34, 35, 36, 38, 40, 41, 42, 43, 46, 47]",29,False,1.970603223472122e-05,-1.7598143756076126e-07,6.627337890760661e-06
E22,542,542,442,100,66,0.8154981549815498,0.8700787401574803,0.8419047619047618,raja,S13/S26_20190108_035218_3,frontal,median,median__frontal__E22,6,48,"[3, 8, 17, 19, 25, 30, 36, 47]",8,False,8.585612188115535e-05,-4.804482073058144e-06,3.0220201318071167e-05
E9,491,491,395,96,113,0.8044806517311609,0.7775590551181102,0.7907907907907908,raja,S13/S26_20190108_035218_3,frontal,median,median__frontal__E9,6,48,"[3, 8, 17, 19, 25, 30, 36, 47]",8,False,8.216049872197783e-05,-3.4415154172793327e-06,2.853400471308572e-05
E23,494,494,395,99,113,0.7995951417004049,0.7775590551181102,0.7884231536926148,raja,S13/S26_20190108_035218_3,frontal,median,median__frontal__E23,6,48,"[3, 8, 17, 19, 25, 30, 36, 47]",8,False,5.787320246489412e-05,-3.313496942070535e-06,2.039556646898822e-05
E24,391,391,324,67,184,0.8286445012787724,0.6377952755905512,0.7208008898776419,raja,S13/S26_20190108_035218_3,frontal,median,median__frontal__E24,6,48,"[3, 8, 17, 19, 25, 30, 36, 47]",8,False,3.402479435209507e-05,-1.5748149861342364e-06,1.1866536446076436e-05
E3,382,382,318,64,190,0.8324607329842932,0.6259842519685039,0.7146067415730338,raja,S13/S26_20190108_035218_3,frontal,median,median__frontal__E3,6,48,"[3, 8, 17, 19, 25, 30, 36, 47]",8,False,4.728066339940078e-05,-2.0257832027385102e-06,1.64354822007131e-05
E124,172,172,151,21,357,0.877906976744186,0.297244094488189,0.4441176470588235,raja,S13/S26_20190108_035218_3,frontal,median,median__frontal__E124,6,48,"[3, 8, 17, 19, 25, 30, 36, 47]",8,False,3.15057792255948e-05,-8.742949213961327e-07,1.0793358048996977e-05
E22,525,525,420,105,88,0.8,0.8267716535433071,0.8131655372700871,raja,S13/S26_20190108_035218_3,frontal,mean,mean__frontal__E22,6,48,"[3, 8, 17, 19, 25, 30, 36, 47]",8,False,9.03960839971331e-05,-2.645199570803986e-07,3.0220201318071167e-05
E23,466,466,383,83,125,0.8218884120171673,0.7539370078740157,0.786447638603696,raja,S13/S26_20190108_035218_3,frontal,mean,mean__frontal__E23,6,48,"[3, 8, 17, 19, 25, 30, 36, 47]",8,False,6.0587271836183644e-05,-5.994275707810144e-07,2.039556646898822e-05
E9,464,464,372,92,136,0.8017241379310345,0.7322834645669292,0.7654320987654321,raja,S13/S26_20190108_035218_3,frontal,mean,mean__frontal__E9,6,48,"[3, 8, 17, 19, 25, 30, 36, 47]",8,False,8.705973366841939e-05,1.457719529162227e-06,2.853400471308572e-05
E24,370,370,308,62,200,0.8324324324324325,0.6062992125984252,0.7015945330296127,raja,S13/S26_20190108_035218_3,frontal,mean,mean__frontal__E24,6,48,"[3, 8, 17, 19, 25, 30, 36, 47]",8,False,3.532845683249038e-05,-2.711525057389336e-07,1.1866536446076436e-05
E3,282,282,248,34,260,0.8794326241134752,0.4881889763779528,0.6278481012658229,raja,S13/S26_20190108_035218_3,frontal,mean,mean__frontal__E3,6,48,"[3, 8, 17, 19, 25, 30, 36, 47]",8,False,5.418963464813972e-05,4.8831880460004245e-06,1.64354822007131e-05
E124,172,172,151,21,357,0.877906976744186,0.297244094488189,0.4441176470588235,raja,S13/S26_20190108_035218_3,frontal,mean,mean__frontal__E124,6,48,"[3, 8, 17, 19, 25, 30, 36, 47]",8,False,3.148270814887914e-05,-8.973659981117985e-07,1.0793358048996977e-05
E22,565,565,458,107,50,0.8106194690265487,0.9015748031496063,0.853681267474371,raja,S13/S26_20190108_035218_3,frontal_left,median,median__frontal_left__E22,3,48,[],0,True,8.072690532327397e-05,-4.6600033511284714e-06,2.846230289146748e-05
E23,495,495,397,98,111,0.802020202020202,0.781496062992126,0.7916251246261217,raja,S13/S26_20190108_035218_3,frontal_left,median,median__frontal_left__E23,3,48,[],0,True,5.77152906088807e-05,-2.7114843258353375e-06,2.0142258311572014e-05
E24,399,399,328,71,180,0.8220551378446115,0.6456692913385826,0.7232635060639471,raja,S13/S26_20190108_035218_3,frontal_left,median,median__frontal_left__E24,3,48,[],0,True,3.376272537450389e-05,-1.3460897208201855e-06,1.1702938365108026e-05
E22,544,544,444,100,64,0.8161764705882353,0.8740157480314961,0.844106463878327,raja,S13/S26_20190108_035218_3,frontal_left,mean,mean__frontal_left__E22,3,48,[],0,True,8.537281152292469e-05,-1.4097151477751832e-08,2.846230289146748e-05
E23,467,467,386,81,122,0.8265524625267666,0.7598425196850394,0.7917948717948717,raja,S13/S26_20190108_035218_3,frontal_left,mean,mean__frontal_left__E23,3,48,[],0,True,6.034213042527819e-05,-8.464450943784983e-08,2.0142258311572014e-05
E24,373,373,312,61,196,0.8364611260053619,0.6141732283464567,0.7082860385925086,raja,S13/S26_20190108_035218_3,frontal_left,mean,mean__frontal_left__E24,3,48,[],0,True,3.508085896477535e-05,-2.7956130548727565e-08,1.1702938365108026e-05
E9,491,491,395,96,113,0.8044806517311609,0.7775590551181102,0.7907907907907908,raja,S13/S26_20190108_035218_3,frontal_right,median,median__frontal_right__E9,3,48,"[3, 8, 17, 19, 25, 30, 36, 47]",8,False,8.216049872197783e-05,-3.4415154172793327e-06,2.853400471308572e-05
E3,382,382,318,64,190,0.8324607329842932,0.6259842519685039,0.7146067415730338,raja,S13/S26_20190108_035218_3,frontal_right,median,median__frontal_right__E3,3,48,"[3, 8, 17, 19, 25, 30, 36, 47]",8,False,4.728066339940078e-05,-2.0257832027385102e-06,1.64354822007131e-05
E124,172,172,151,21,357,0.877906976744186,0.297244094488189,0.4441176470588235,raja,S13/S26_20190108_035218_3,frontal_right,median,median__frontal_right__E124,3,48,"[3, 8, 17, 19, 25, 30, 36, 47]",8,False,3.15057792255948e-05,-8.742949213961327e-07,1.0793358048996977e-05
E9,464,464,372,92,136,0.8017241379310345,0.7322834645669292,0.7654320987654321,raja,S13/S26_20190108_035218_3,frontal_right,mean,mean__frontal_right__E9,3,48,"[3, 8, 17, 19, 25, 30, 36, 47]",8,False,8.705973366841939e-05,1.457719529162227e-06,2.853400471308572e-05
E3,282,282,248,34,260,0.8794326241134752,0.4881889763779528,0.6278481012658229,raja,S13/S26_20190108_035218_3,frontal_right,mean,mean__frontal_right__E3,3,48,"[3, 8, 17, 19, 25, 30, 36, 47]",8,False,5.418963464813972e-05,4.8831880460004245e-06,1.64354822007131e-05
E124,172,172,151,21,357,0.877906976744186,0.297244094488189,0.4441176470588235,raja,S13/S26_20190108_035218_3,frontal_right,mean,mean__frontal_right__E124,3,48,"[3, 8, 17, 19, 25, 30, 36, 47]",8,False,3.148270814887914e-05,-8.973659981117985e-07,1.0793358048996977e-05
E26,580,580,445,135,63,0.7672413793103449,0.8759842519685039,0.8180147058823528,raja,S13/S26_20190108_035218_3,central,median,median__central__E26,6,48,"[13, 21, 41, 43, 47]",5,False,5.8732221857805056e-05,-2.8237113031806605e-06,2.0518644386995236e-05
E28,203,203,146,57,362,0.7192118226600985,0.2874015748031496,0.41068917018284107,raja,S13/S26_20190108_035218_3,central,median,median__central__E28,6,48,"[13, 21, 41, 43, 47]",5,False,2.49779849278053e-05,-6.067094417029595e-07,8.528231456502753e-06
E117,45,45,23,22,485,0.5111111111111111,0.045275590551181105,0.08318264014466546,raja,S13/S26_20190108_035218_3,central,median,median__central__E117,6,48,"[13, 21, 41, 43, 47]",5,False,2.1200214542579557e-05,-1.0198363431355815e-07,7.100732725631038e-06
E13,14,14,7,7,501,0.5,0.013779527559055118,0.02681992337164751,raja,S13/S26_20190108_035218_3,central,median,median__central__E13,6,48,"[13, 21, 41, 43, 47]",5,False,1.897101924055078e-05,-4.338033899135835e-08,6.338133193180714e-06
E104,18,18,1,17,507,0.05555555555555555,0.001968503937007874,0.0038022813688212928,raja,S13/S26_20190108_035218_3,central,median,median__central__E104,6,48,"[13, 21, 41, 43, 47]",5,False,1.5723152829447213e-05,2.839421217618113e-07,5.146403569228468e-06
E112,8,8,0,8,508,0.0,0.0,0.0,raja,S13/S26_20190108_035218_3,central,median,median__central__E112,6,48,"[13, 21, 41, 43, 47]",5,False,1.8181204378062276e-05,8.487538582599351e-08,6.032109664078761e-06
E26,554,554,434,120,74,0.7833935018050542,0.8543307086614174,0.8173258003766478,raja,S13/S26_20190108_035218_3,central,mean,mean__central__E26,6,48,"[13, 21, 41, 43, 47]",5,False,6.208408991606945e-05,5.281567550837325e-07,2.0518644386995236e-05
E28,184,184,135,49,373,0.7336956521739131,0.265748031496063,0.39017341040462433,raja,S13/S26_20190108_035218_3,central,mean,mean__central__E28,6,48,"[13, 21, 41, 43, 47]",5,False,2.5632759855329704e-05,4.806548582144483e-08,8.528231456502753e-06
E117,42,42,21,21,487,0.5,0.04133858267716536,0.07636363636363637,raja,S13/S26_20190108_035218_3,central,mean,mean__central__E117,6,48,"[13, 21, 41, 43, 47]",5,False,2.1743592325140954e-05,4.413941482478385e-07,7.100732725631038e-06
E13,22,22,9,13,499,0.4090909090909091,0.017716535433070866,0.033962264150943396,raja,S13/S26_20190108_035218_3,central,mean,mean__central__E13,6,48,"[13, 21, 41, 43, 47]",5,False,1.7932061495306335e-05,-1.0823380842358056e-06,6.338133193180714e-06
E104,27,27,1,26,507,0.037037037037037035,0.001968503937007874,0.003738317757009346,raja,S13/S26_20190108_035218_3,central,mean,mean__central__E104,6,48,"[13, 21, 41, 43, 47]",5,False,1.4617169259291495e-05,-8.220414483939084e-07,5.146403569228468e-06
E112,8,8,0,8,508,0.0,0.0,0.0,raja,S13/S26_20190108_035218_3,central,mean,mean__central__E112,6,48,"[13, 21, 41, 43, 47]",5,False,1.864539118499504e-05,5.49062192758755e-07,6.032109664078761e-06
E26,630,630,458,172,50,0.726984126984127,0.9015748031496063,0.804920913884007,raja,S13/S26_20190108_035218_3,central_left,median,median__central_left__E26,3,48,"[13, 41, 47]",3,False,5.2871810249884625e-05,-2.699999915231054e-06,1.8523936721705226e-05
E28,231,231,157,74,351,0.6796536796536796,0.3090551181102362,0.4248985115020298,raja,S13/S26_20190108_035218_3,central_left,median,median__central_left__E28,3,48,"[13, 41, 47]",3,False,2.3896883795898915e-05,-5.713673311712979e-07,8.156083709023404e-06
E13,13,13,7,6,501,0.5384615384615384,0.013779527559055118,0.026871401151631478,raja,S13/S26_20190108_035218_3,central_left,median,median__central_left__E13,3,48,"[13, 41, 47]",3,False,1.9107358674904497e-05,-1.242577895391829e-07,6.4105388214812265e-06
E26,608,608,448,160,60,0.7368421052631579,0.8818897637795275,0.8028673835125449,raja,S13/S26_20190108_035218_3,central_left,mean,mean__central_left__E26,3,48,"[13, 41, 47]",3,False,5.638854303784419e-05,8.167328727285062e-07,1.8523936721705226e-05
E28,218,218,151,67,357,0.6926605504587156,0.297244094488189,0.41597796143250687,raja,S13/S26_20190108_035218_3,central_left,mean,mean__central_left__E28,3,48,"[13, 41, 47]",3,False,2.449497354984791e-05,2.672242277769764e-08,8.156083709023404e-06
E13,25,25,11,14,497,0.44,0.021653543307086614,0.04127579737335834,raja,S13/S26_20190108_035218_3,central_left,mean,mean__central_left__E13,3,48,"[13, 41, 47]",3,False,1.7457713652485677e-05,-1.773902811958004e-06,6.4105388214812265e-06
E117,38,38,20,18,488,0.5263157894736842,0.03937007874015748,0.07326007326007325,raja,S13/S26_20190108_035218_3,central_right,median,median__central_right__E117,3,48,"[21, 43, 47]",3,False,2.1919311117012623e-05,-5.117636887996513e-08,7.323495828630863e-06
E104,19,19,1,18,507,0.05263157894736842,0.001968503937007874,0.003795066413662239,raja,S13/S26_20190108_035218_3,central_right,median,median__central_right__E104,3,48,"[21, 43, 47]",3,False,1.5577958216368387e-05,2.3439327107617254e-07,5.114521648430737e-06
E112,7,7,0,7,508,0.0,0.0,0.0,raja,S13/S26_20190108_035218_3,central_right,median,median__central_right__E112,3,48,"[21, 43, 47]",3,False,1.8685190328102743e-05,1.385934122331706e-07,6.182198971956524e-06
E117,36,36,18,18,490,0.5,0.03543307086614173,0.06617647058823528,raja,S13/S26_20190108_035218_3,central_right,mean,mean__central_right__E117,3,48,"[21, 43, 47]",3,False,2.2657530303026105e-05,6.870428171335151e-07,7.323495828630863e-06
E104,33,33,1,32,507,0.030303030303030304,0.001968503937007874,0.0036968576709796677,raja,S13/S26_20190108_035218_3,central_right,mean,mean__central_right__E104,3,48,"[21, 43, 47]",3,False,1.4002113565652803e-05,-1.3414513796394094e-06,5.114521648430737e-06
E112,6,6,0,6,508,0.0,0.0,0.0,raja,S13/S26_20190108_035218_3,central_right,mean,mean__central_right__E112,3,48,"[21, 43, 47]",3,False,1.943318206671964e-05,8.865851508500661e-07,6.182198971956524e-06
E47,55,55,1,54,507,0.01818181818181818,0.001968503937007874,0.0035523978685612786,raja,S13/S26_20190108_035218_3,parietal,median,median__parietal__E47,4,48,"[13, 21, 47]",3,False,1.8040948990156812e-05,4.332591521013044e-08,5.999207691648894e-06
E98,8,8,0,8,508,0.0,0.0,0.0,raja,S13/S26_20190108_035218_3,parietal,median,median__parietal__E98,4,48,"[13, 21, 47]",3,False,3.469782598709703e-05,5.095407839519871e-07,1.1396095067715014e-05
E37,28,28,0,28,508,0.0,0.0,0.0,raja,S13/S26_20190108_035218_3,parietal,median,median__parietal__E37,4,48,"[13, 21, 47]",3,False,1.631373418296013e-05,2.3425798119325252e-07,5.359825400588958e-06
E87,34,34,0,34,508,0.0,0.0,0.0,raja,S13/S26_20190108_035218_3,parietal,median,median__parietal__E87,4,48,"[13, 21, 47]",3,False,1.4904952199130574e-05,3.510383995658417e-07,4.85130459985491e-06
E37,53,53,1,52,507,0.018867924528301886,0.001968503937007874,0.0035650623885918,raja,S13/S26_20190108_035218_3,parietal,mean,mean__parietal__E37,4,48,"[13, 21, 47]",3,False,1.4690721403509515e-05,-1.3887547982573598e-06,5.359825400588958e-06
E98,19,19,0,19,508,0.0,0.0,0.0,raja,S13/S26_20190108_035218_3,parietal,mean,mean__parietal__E98,4,48,"[13, 21, 47]",3,False,3.118777966426129e-05,-3.0005055388837534e-06,1.1396095067715014e-05
E87,31,31,0,31,508,0.0,0.0,0.0,raja,S13/S26_20190108_035218_3,parietal,mean,mean__parietal__E87,4,48,"[13, 21, 47]",3,False,1.49788971982945e-05,4.2498339872976947e-07,4.85130459985491e-06
E47,50,50,0,50,508,0.0,0.0,0.0,raja,S13/S26_20190108_035218_3,parietal,mean,mean__parietal__E47,4,48,"[13, 21, 47]",3,False,1.8699359340136584e-05,7.017362651899003e-07,5.999207691648894e-06
E47,55,55,1,54,507,0.01818181818181818,0.001968503937007874,0.0035523978685612786,raja,S13/S26_20190108_035218_3,parietal_left,median,median__parietal_left__E47,2,48,"[13, 21, 47]",3,False,1.8040948990156812e-05,4.332591521013044e-08,5.999207691648894e-06
E37,28,28,0,28,508,0.0,0.0,0.0,raja,S13/S26_20190108_035218_3,parietal_left,median,median__parietal_left__E37,2,48,"[13, 21, 47]",3,False,1.631373418296013e-05,2.3425798119325252e-07,5.359825400588958e-06
E37,53,53,1,52,507,0.018867924528301886,0.001968503937007874,0.0035650623885918,raja,S13/S26_20190108_035218_3,parietal_left,mean,mean__parietal_left__E37,2,48,"[13, 21, 47]",3,False,1.4690721403509515e-05,-1.3887547982573598e-06,5.359825400588958e-06
E47,50,50,0,50,508,0.0,0.0,0.0,raja,S13/S26_20190108_035218_3,parietal_left,mean,mean__parietal_left__E47,2,48,"[13, 21, 47]",3,False,1.8699359340136584e-05,7.017362651899003e-07,5.999207691648894e-06
E98,3,3,0,3,508,0.0,0.0,0.0,raja,S13/S26_20190108_035218_3,parietal_right,median,median__parietal_right__E98,2,48,[47],1,False,4.187384818111724e-05,6.29307580738966e-07,1.3748180200126091e-05
E87,32,32,0,32,508,0.0,0.0,0.0,raja,S13/S26_20190108_035218_3,parietal_right,median,median__parietal_right__E87,2,48,[47],1,False,1.4962575396976768e-05,3.8442309412050314e-07,4.859384100952089e-06
E98,18,18,0,18,508,0.0,0.0,0.0,raja,S13/S26_20190108_035218_3,parietal_right,mean,mean__parietal_right__E98,2,48,[47],1,False,3.22125206824076e-05,-9.032019917970675e-06,1.3748180200126091e-05
E87,20,20,0,20,508,0.0,0.0,0.0,raja,S13/S26_20190108_035218_3,parietal_right,mean,mean__parietal_right__E87,2,48,[47],1,False,1.589897647546174e-05,1.320824172605475e-06,4.859384100952089e-06
E67,90,90,6,84,502,0.06666666666666667,0.011811023622047244,0.020066889632107024,raja,S13/S26_20190108_035218_3,occipital,median,median__occipital__E67,8,48,"[6, 11, 12, 13, 14, 15, 16, 18, 22, 29, 30, 36, 38, 40, 41, 42, 47]",17,False,2.7770537427297428e-05,3.6298801888888475e-07,9.135849802802847e-06
E70,99,99,4,95,504,0.04040404040404041,0.007874015748031496,0.013179571663920921,raja,S13/S26_20190108_035218_3,occipital,median,median__occipital__E70,8,48,"[6, 11, 12, 13, 14, 15, 16, 18, 22, 29, 30, 36, 38, 40, 41, 42, 47]",17,False,2.5689005332148705e-05,5.675544011268275e-07,8.373816977007293e-06
E77,103,103,4,99,504,0.038834951456310676,0.007874015748031496,0.01309328968903437,raja,S13/S26_20190108_035218_3,occipital,median,median__occipital__E77,8,48,"[6, 11, 12, 13, 14, 15, 16, 18, 22, 29, 30, 36, 38, 40, 41, 42, 47]",17,False,2.6807465125147862e-05,6.512017593861009e-07,8.71875445525392e-06
E83,126,126,4,122,504,0.031746031746031744,0.007874015748031496,0.012618296529968454,raja,S13/S26_20190108_035218_3,occipital,median,median__occipital__E83,8,48,"[6, 11, 12, 13, 14, 15, 16, 18, 22, 29, 30, 36, 38, 40, 41, 42, 47]",17,False,2.4526490382849455e-05,6.535714949738255e-07,7.957639629291876e-06
E59,93,93,2,91,506,0.021505376344086023,0.003937007874015748,0.0066555740432612314,raja,S13/S26_20190108_035218_3,occipital,median,median__occipital__E59,8,48,"[6, 11, 12, 13, 14, 15, 16, 18, 22, 29, 30, 36, 38, 40, 41, 42, 47]",17,False,1.913938543672753e-05,5.977140780123622e-07,6.1805571195717216e-06
E91,78,78,1,77,507,0.01282051282051282,0.001968503937007874,0.0034129692832764505,raja,S13/S26_20190108_035218_3,occipital,median,median__occipital__E91,8,48,"[6, 11, 12, 13, 14, 15, 16, 18, 22, 29, 30, 36, 38, 40, 41, 42, 47]",17,False,2.3804534923801073e-05,6.150806853729164e-07,7.729818079476052e-06
E85,87,87,0,87,508,0.0,0.0,0.0,raja,S13/S26_20190108_035218_3,occipital,median,median__occipital__E85,8,48,"[6, 11, 12, 13, 14, 15, 16, 18, 22, 29, 30, 36, 38, 40, 41, 42, 47]",17,False,2.0021807700009997e-05,4.927061351328498e-07,6.509700521625715e-06
E60,95,95,0,95,508,0.0,0.0,0.0,raja,S13/S26_20190108_035218_3,occipital,median,median__occipital__E60,8,48,"[6, 11, 12, 13, 14, 15, 16, 18, 22, 29, 30, 36, 38, 40, 41, 42, 47]",17,False,1.8199885117427685e-05,4.259700042096044e-07,5.924638371072694e-06
E67,99,99,7,92,501,0.0707070707070707,0.013779527559055118,0.023064250411861616,raja,S13/S26_20190108_035218_3,occipital,mean,mean__occipital__E67,8,48,"[6, 11, 12, 13, 14, 15, 16, 18, 22, 29, 30, 36, 38, 40, 41, 42, 47]",17,False,2.714424263217282e-05,-2.6330677623572355e-07,9.135849802802847e-06
E70,116,116,5,111,503,0.04310344827586207,0.00984251968503937,0.016025641025641028,raja,S13/S26_20190108_035218_3,occipital,mean,mean__occipital__E70,8,48,"[6, 11, 12, 13, 14, 15, 16, 18, 22, 29, 30, 36, 38, 40, 41, 42, 47]",17,False,2.46493922878006e-05,-4.7205864322127757e-07,8.373816977007293e-06
E83,146,146,5,141,503,0.03424657534246575,0.00984251968503937,0.015290519877675842,raja,S13/S26_20190108_035218_3,occipital,mean,mean__occipital__E83,8,48,"[6, 11, 12, 13, 14, 15, 16, 18, 22, 29, 30, 36, 38, 40, 41, 42, 47]",17,False,2.3556300764351737e-05,-3.166181235238898e-07,7.957639629291876e-06
E77,110,110,4,106,504,0.03636363636363636,0.007874015748031496,0.012944983818770225,raja,S13/S26_20190108_035218_3,occipital,mean,mean__occipital__E77,8,48,"[6, 11, 12, 13, 14, 15, 16, 18, 22, 29, 30, 36, 38, 40, 41, 42, 47]",17,False,2.6030919999963377e-05,-1.2534336579838172e-07,8.71875445525392e-06
E59,120,120,4,116,504,0.03333333333333333,0.007874015748031496,0.012738853503184714,raja,S13/S26_20190108_035218_3,occipital,mean,mean__occipital__E59,8,48,"[6, 11, 12, 13, 14, 15, 16, 18, 22, 29, 30, 36, 38, 40, 41, 42, 47]",17,False,1.8212340873623762e-05,-3.293304850914056e-07,6.1805571195717216e-06
E91,87,87,2,85,506,0.022988505747126436,0.003937007874015748,0.0067226890756302525,raja,S13/S26_20190108_035218_3,occipital,mean,mean__occipital__E91,8,48,"[6, 11, 12, 13, 14, 15, 16, 18, 22, 29, 30, 36, 38, 40, 41, 42, 47]",17,False,2.2881476740359863e-05,-3.0797749806829506e-07,7.729818079476052e-06
E60,104,104,1,103,507,0.009615384615384616,0.001968503937007874,0.00326797385620915,raja,S13/S26_20190108_035218_3,occipital,mean,mean__occipital__E60,8,48,"[6, 11, 12, 13, 14, 15, 16, 18, 22, 29, 30, 36, 38, 40, 41, 42, 47]",17,False,1.7390507718065986e-05,-3.8340739515209333e-07,5.924638371072694e-06
E85,102,102,0,102,508,0.0,0.0,0.0,raja,S13/S26_20190108_035218_3,occipital,mean,mean__occipital__E85,8,48,"[6, 11, 12, 13, 14, 15, 16, 18, 22, 29, 30, 36, 38, 40, 41, 42, 47]",17,False,1.9243635037058795e-05,-2.8546652781835053e-07,6.509700521625715e-06
E67,60,60,5,55,503,0.08333333333333333,0.00984251968503937,0.017605633802816902,raja,S13/S26_20190108_035218_3,occipital_left,median,median__occipital_left__E67,4,48,"[11, 12, 13, 14, 47]",5,False,3.20288178956715e-05,3.121790222797085e-07,1.0572212957797263e-05
E70,70,70,3,67,505,0.04285714285714286,0.005905511811023622,0.01038062283737024,raja,S13/S26_20190108_035218_3,occipital_left,median,median__occipital_left__E70,4,48,"[11, 12, 13, 14, 47]",5,False,2.722892368249331e-05,4.1256163156899525e-07,8.938787350308105e-06
E59,94,94,2,92,506,0.02127659574468085,0.003937007874015748,0.006644518272425249,raja,S13/S26_20190108_035218_3,occipital_left,median,median__occipital_left__E59,4,48,"[11, 12, 13, 14, 47]",5,False,1.9112935509931226e-05,5.053952190144762e-07,6.2025134303055825e-06
E60,78,78,0,78,508,0.0,0.0,0.0,raja,S13/S26_20190108_035218_3,occipital_left,median,median__occipital_left__E60,4,48,"[11, 12, 13, 14, 47]",5,False,1.881888514295523e-05,4.3645466235870383e-07,6.127476826865509e-06
E67,65,65,5,60,503,0.07692307692307693,0.00984251968503937,0.017452006980802792,raja,S13/S26_20190108_035218_3,occipital_left,mean,mean__occipital_left__E67,4,48,"[11, 12, 13, 14, 47]",5,False,3.086633873689415e-05,-8.503001364976384e-07,1.0572212957797263e-05
E70,105,105,4,101,504,0.0380952380952381,0.007874015748031496,0.013050570962479607,raja,S13/S26_20190108_035218_3,occipital_left,mean,mean__occipital_left__E70,4,48,"[11, 12, 13, 14, 47]",5,False,2.5259838567225787e-05,-1.5565234836985282e-06,8.938787350308105e-06
E59,143,143,4,139,504,0.027972027972027972,0.007874015748031496,0.012288786482334871,raja,S13/S26_20190108_035218_3,occipital_left,mean,mean__occipital_left__E59,4,48,"[11, 12, 13, 14, 47]",5,False,1.748924181142183e-05,-1.11829847949492e-06,6.2025134303055825e-06
E60,111,111,1,110,507,0.009009009009009009,0.001968503937007874,0.0032310177705977385,raja,S13/S26_20190108_035218_3,occipital_left,mean,mean__occipital_left__E60,4,48,"[11, 12, 13, 14, 47]",5,False,1.7115996663829034e-05,-1.2664338167674924e-06,6.127476826865509e-06
E77,101,101,4,97,504,0.039603960396039604,0.007874015748031496,0.013136288998357965,raja,S13/S26_20190108_035218_3,occipital_right,median,median__occipital_right__E77,4,48,"[6, 11, 13, 14, 15, 16, 18, 22, 29, 30, 36, 38, 40, 41, 42, 47]",16,False,2.710390785944132e-05,6.470338948192147e-07,8.818957988207368e-06
E83,126,126,4,122,504,0.031746031746031744,0.007874015748031496,0.012618296529968454,raja,S13/S26_20190108_035218_3,occipital_right,median,median__occipital_right__E83,4,48,"[6, 11, 13, 14, 15, 16, 18, 22, 29, 30, 36, 38, 40, 41, 42, 47]",16,False,2.4484107457115622e-05,6.605674877342941e-07,7.941179989793776e-06
E91,79,79,1,78,507,0.012658227848101266,0.001968503937007874,0.0034071550255536627,raja,S13/S26_20190108_035218_3,occipital_right,median,median__occipital_right__E91,4,48,"[6, 11, 13, 14, 15, 16, 18, 22, 29, 30, 36, 38, 40, 41, 42, 47]",16,False,2.3732405388445505e-05,6.294054654186164e-07,7.700999974342296e-06
E85,87,87,0,87,508,0.0,0.0,0.0,raja,S13/S26_20190108_035218_3,occipital_right,median,median__occipital_right__E85,4,48,"[6, 11, 13, 14, 15, 16, 18, 22, 29, 30, 36, 38, 40, 41, 42, 47]",16,False,2.002316237542503e-05,5.076145793563585e-07,6.5051825986895566e-06
E83,147,147,5,142,503,0.034013605442176874,0.00984251968503937,0.015267175572519083,raja,S13/S26_20190108_035218_3,occipital_right,mean,mean__occipital_right__E83,4,48,"[6, 11, 13, 14, 15, 16, 18, 22, 29, 30, 36, 38, 40, 41, 42, 47]",16,False,2.3493143032106263e-05,-3.30396937275065e-07,7.941179989793776e-06
E77,109,109,4,105,504,0.03669724770642202,0.007874015748031496,0.012965964343598054,raja,S13/S26_20190108_035218_3,occipital_right,mean,mean__occipital_right__E77,4,48,"[6, 11, 13, 14, 15, 16, 18, 22, 29, 30, 36, 38, 40, 41, 42, 47]",16,False,2.6325610399369887e-05,-1.312635652522191e-07,8.818957988207368e-06
E91,90,90,2,88,506,0.022222222222222223,0.003937007874015748,0.006688963210702342,raja,S13/S26_20190108_035218_3,occipital_right,mean,mean__occipital_right__E91,4,48,"[6, 11, 13, 14, 15, 16, 18, 22, 29, 30, 36, 38, 40, 41, 42, 47]",16,False,2.278221783026283e-05,-3.207820927640594e-07,7.700999974342296e-06
E85,102,102,0,102,508,0.0,0.0,0.0,raja,S13/S26_20190108_035218_3,occipital_right,mean,mean__occipital_right__E85,4,48,"[6, 11, 13, 14, 15, 16, 18, 22, 29, 30, 36, 38, 40, 41, 42, 47]",16,False,1.9216078305718728e-05,-2.994694903499415e-07,6.5051825986895566e-06
E67,85,85,6,79,502,0.07058823529411765,0.011811023622047244,0.02023608768971332,raja,S13/S26_20190108_035218_3,posterior,median,median__posterior__E67,12,48,"[6, 11, 12, 13, 14, 15, 16, 18, 21, 22, 29, 30, 36, 38, 40, 41, 42, 47]",18,False,2.8120434588296443e-05,3.729544964575614e-07,9.24916003061296e-06
E70,101,101,4,97,504,0.039603960396039604,0.007874015748031496,0.013136288998357965,raja,S13/S26_20190108_035218_3,posterior,median,median__posterior__E70,12,48,"[6, 11, 12, 13, 14, 15, 16, 18, 21, 22, 29, 30, 36, 38, 40, 41, 42, 47]",18,False,2.543804507496391e-05,5.536175260685829e-07,8.294809182965109e-06
E77,109,109,4,105,504,0.03669724770642202,0.007874015748031496,0.012965964343598054,raja,S13/S26_20190108_035218_3,posterior,median,median__posterior__E77,12,48,"[6, 11, 12, 13, 14, 15, 16, 18, 21, 22, 29, 30, 36, 38, 40, 41, 42, 47]",18,False,2.6365152264528493e-05,6.446237691636159e-07,8.573509498454959e-06
E83,131,131,4,127,504,0.030534351145038167,0.007874015748031496,0.012519561815336465,raja,S13/S26_20190108_035218_3,posterior,median,median__posterior__E83,12,48,"[6, 11, 12, 13, 14, 15, 16, 18, 21, 22, 29, 30, 36, 38, 40, 41, 42, 47]",18,False,2.4357244741246686e-05,6.35503995424206e-07,7.90724691527416e-06
E59,97,97,2,95,506,0.020618556701030927,0.003937007874015748,0.006611570247933885,raja,S13/S26_20190108_035218_3,posterior,median,median__posterior__E59,12,48,"[6, 11, 12, 13, 14, 15, 16, 18, 21, 22, 29, 30, 36, 38, 40, 41, 42, 47]",18,False,1.9020955875861324e-05,5.802950662813159e-07,6.1468869365266694e-06
E91,80,80,1,79,507,0.0125,0.001968503937007874,0.003401360544217687,raja,S13/S26_20190108_035218_3,posterior,median,median__posterior__E91,12,48,"[6, 11, 12, 13, 14, 15, 16, 18, 21, 22, 29, 30, 36, 38, 40, 41, 42, 47]",18,False,2.3617829277097883e-05,5.993566404108452e-07,7.672824212229012e-06
E98,14,14,0,14,508,0.0,0.0,0.0,raja,S13/S26_20190108_035218_3,posterior,median,median__posterior__E98,12,48,"[6, 11, 12, 13, 14, 15, 16, 18, 21, 22, 29, 30, 36, 38, 40, 41, 42, 47]",18,False,3.347364285443697e-05,3.64673458050407e-07,1.1036323132128853e-05
E87,29,29,0,29,508,0.0,0.0,0.0,raja,S13/S26_20190108_035218_3,posterior,median,median__posterior__E87,12,48,"[6, 11, 12, 13, 14, 15, 16, 18, 21, 22, 29, 30, 36, 38, 40, 41, 42, 47]",18,False,1.5069091150684691e-05,3.3183149836073234e-07,4.912419884107986e-06
E37,37,37,0,37,508,0.0,0.0,0.0,raja,S13/S26_20190108_035218_3,posterior,median,median__posterior__E37,12,48,"[6, 11, 12, 13, 14, 15, 16, 18, 21, 22, 29, 30, 36, 38, 40, 41, 42, 47]",18,False,1.5624752352170382e-05,2.3301790575258626e-07,5.130578148805932e-06
E47,50,50,0,50,508,0.0,0.0,0.0,raja,S13/S26_20190108_035218_3,posterior,median,median__posterior__E47,12,48,"[6, 11, 12, 13, 14, 15, 16, 18, 21, 22, 29, 30, 36, 38, 40, 41, 42, 47]",18,False,1.86656486119777e-05,2.896617220760482e-07,6.12532896330055e-06
E85,85,85,0,85,508,0.0,0.0,0.0,raja,S13/S26_20190108_035218_3,posterior,median,median__posterior__E85,12,48,"[6, 11, 12, 13, 14, 15, 16, 18, 21, 22, 29, 30, 36, 38, 40, 41, 42, 47]",18,False,2.0059357861832177e-05,4.936229703107808e-07,6.521911630507132e-06
E60,96,96,0,96,508,0.0,0.0,0.0,raja,S13/S26_20190108_035218_3,posterior,median,median__posterior__E60,12,48,"[6, 11, 12, 13, 14, 15, 16, 18, 21, 22, 29, 30, 36, 38, 40, 41, 42, 47]",18,False,1.8176434300086007e-05,4.150820749204877e-07,5.920450741721839e-06
E67,93,93,7,86,501,0.07526881720430108,0.013779527559055118,0.023294509151414306,raja,S13/S26_20190108_035218_3,posterior,mean,mean__posterior__E67,12,48,"[6, 11, 12, 13, 14, 15, 16, 18, 21, 22, 29, 30, 36, 38, 40, 41, 42, 47]",18,False,2.7508056782459053e-05,-2.3942330937982593e-07,9.24916003061296e-06
E83,151,151,7,144,501,0.046357615894039736,0.013779527559055118,0.021244309559939303,raja,S13/S26_20190108_035218_3,posterior,mean,mean__posterior__E83,12,48,"[6, 11, 12, 13, 14, 15, 16, 18, 21, 22, 29, 30, 36, 38, 40, 41, 42, 47]",18,False,2.3420497394253626e-05,-3.0124335156885663e-07,7.90724691527416e-06
E70,120,120,5,115,503,0.041666666666666664,0.00984251968503937,0.01592356687898089,raja,S13/S26_20190108_035218_3,posterior,mean,mean__posterior__E70,12,48,"[6, 11, 12, 13, 14, 15, 16, 18, 21, 22, 29, 30, 36, 38, 40, 41, 42, 47]",18,False,2.443639042811719e-05,-4.480371207781376e-07,8.294809182965109e-06
E77,117,117,4,113,504,0.03418803418803419,0.007874015748031496,0.0128,raja,S13/S26_20190108_035218_3,posterior,mean,mean__posterior__E77,12,48,"[6, 11, 12, 13, 14, 15, 16, 18, 21, 22, 29, 30, 36, 38, 40, 41, 42, 47]",18,False,2.5606191830852982e-05,-1.143366645118932e-07,8.573509498454959e-06
E59,125,125,4,121,504,0.032,0.007874015748031496,0.01263823064770932,raja,S13/S26_20190108_035218_3,posterior,mean,mean__posterior__E59,12,48,"[6, 11, 12, 13, 14, 15, 16, 18, 21, 22, 29, 30, 36, 38, 40, 41, 42, 47]",18,False,1.8126944205522683e-05,-3.137166040573249e-07,6.1468869365266694e-06
E91,91,91,2,89,506,0.02197802197802198,0.003937007874015748,0.00667779632721202,raja,S13/S26_20190108_035218_3,posterior,mean,mean__posterior__E91,12,48,"[6, 11, 12, 13, 14, 15, 16, 18, 21, 22, 29, 30, 36, 38, 40, 41, 42, 47]",18,False,2.2727465738298443e-05,-2.9100689838859366e-07,7.672824212229012e-06
E37,47,47,1,46,507,0.02127659574468085,0.001968503937007874,0.0036036036036036037,raja,S13/S26_20190108_035218_3,posterior,mean,mean__posterior__E37,12,48,"[6, 11, 12, 13, 14, 15, 16, 18, 21, 22, 29, 30, 36, 38, 40, 41, 42, 47]",18,False,1.5155931986513612e-05,-2.358024599041826e-07,5.130578148805932e-06
E47,49,49,1,48,507,0.02040816326530612,0.001968503937007874,0.0035906642728904844,raja,S13/S26_20190108_035218_3,posterior,mean,mean__posterior__E47,12,48,"[6, 11, 12, 13, 14, 15, 16, 18, 21, 22, 29, 30, 36, 38, 40, 41, 42, 47]",18,False,1.8493453387989347e-05,1.1746649808769703e-07,6.12532896330055e-06
E60,104,104,1,103,507,0.009615384615384616,0.001968503937007874,0.00326797385620915,raja,S13/S26_20190108_035218_3,posterior,mean,mean__posterior__E60,12,48,"[6, 11, 12, 13, 14, 15, 16, 18, 21, 22, 29, 30, 36, 38, 40, 41, 42, 47]",18,False,1.7393644836120418e-05,-3.6770738904510223e-07,5.920450741721839e-06
E98,16,16,0,16,508,0.0,0.0,0.0,raja,S13/S26_20190108_035218_3,posterior,mean,mean__posterior__E98,12,48,"[6, 11, 12, 13, 14, 15, 16, 18, 21, 22, 29, 30, 36, 38, 40, 41, 42, 47]",18,False,3.263374082672887e-05,-4.752285696576942e-07,1.1036323132128853e-05
E87,36,36,0,36,508,0.0,0.0,0.0,raja,S13/S26_20190108_035218_3,posterior,mean,mean__posterior__E87,12,48,"[6, 11, 12, 13, 14, 15, 16, 18, 21, 22, 29, 30, 36, 38, 40, 41, 42, 47]",18,False,1.4799515491432435e-05,6.225583910847558e-08,4.912419884107986e-06
E85,101,101,0,101,508,0.0,0.0,0.0,raja,S13/S26_20190108_035218_3,posterior,mean,mean__posterior__E85,12,48,"[6, 11, 12, 13, 14, 15, 16, 18, 21, 22, 29, 30, 36, 38, 40, 41, 42, 47]",18,False,1.929661690391251e-05,-2.69117987608886e-07,6.521911630507132e-06
E22,565,565,458,107,50,0.8106194690265487,0.9015748031496063,0.853681267474371,raja,S13/S26_20190108_035218_3,fp1_only,median,median__fp1_only__E22,1,48,[],0,True,8.072690532327397e-05,-4.6600033511284714e-06,2.846230289146748e-05
E22,544,544,444,100,64,0.8161764705882353,0.8740157480314961,0.844106463878327,raja,S13/S26_20190108_035218_3,fp1_only,mean,mean__fp1_only__E22,1,48,[],0,True,8.537281152292469e-05,-1.4097151477751832e-08,2.846230289146748e-05
E9,490,490,394,96,114,0.8040816326530612,0.7755905511811023,0.7895791583166333,raja,S13/S26_20190108_035218_3,fp2_only,median,median__fp2_only__E9,1,48,"[3, 17, 30, 47]",4,False,8.274042504015685e-05,-2.9132875731910125e-06,2.855123753778262e-05
E9,453,453,366,87,142,0.8079470198675497,0.7204724409448819,0.761706555671176,raja,S13/S26_20190108_035218_3,fp2_only,mean,mean__fp2_only__E9,1,48,"[3, 17, 30, 47]",4,False,8.844259096335473e-05,2.7888783500068687e-06,2.855123753778262e-05
E24,399,399,328,71,180,0.8220551378446115,0.6456692913385826,0.7232635060639471,raja,S13/S26_20190108_035218_3,f3_only,median,median__f3_only__E24,1,48,[],0,True,3.376272537450389e-05,-1.3460897208201855e-06,1.1702938365108026e-05
E24,373,373,312,61,196,0.8364611260053619,0.6141732283464567,0.7082860385925086,raja,S13/S26_20190108_035218_3,f3_only,mean,mean__f3_only__E24,1,48,[],0,True,3.508085896477535e-05,-2.7956130548727565e-08,1.1702938365108026e-05
E124,172,172,151,21,357,0.877906976744186,0.297244094488189,0.4441176470588235,raja,S13/S26_20190108_035218_3,f4_only,median,median__f4_only__E124,1,48,"[3, 8, 17, 19, 25, 36, 47]",7,False,3.158802553800381e-05,-8.056229953827588e-07,1.0797882844462188e-05
E124,173,173,151,22,357,0.8728323699421965,0.297244094488189,0.44346549192364165,raja,S13/S26_20190108_035218_3,f4_only,mean,mean__f4_only__E124,1,48,"[3, 8, 17, 19, 25, 36, 47]",7,False,3.1380256830246294e-05,-1.0133917031402748e-06,1.0797882844462188e-05
E23,495,495,397,98,111,0.802020202020202,0.781496062992126,0.7916251246261217,raja,S13/S26_20190108_035218_3,af3_only,median,median__af3_only__E23,1,48,[],0,True,5.77152906088807e-05,-2.7114843258353375e-06,2.0142258311572014e-05
E23,467,467,386,81,122,0.8265524625267666,0.7598425196850394,0.7917948717948717,raja,S13/S26_20190108_035218_3,af3_only,mean,mean__af3_only__E23,1,48,[],0,True,6.034213042527819e-05,-8.464450943784983e-08,2.0142258311572014e-05
E3,346,346,297,49,211,0.8583815028901735,0.5846456692913385,0.6955503512880562,raja,S13/S26_20190108_035218_3,af4_only,median,median__af4_only__E3,1,48,"[19, 30, 47]",3,False,4.974554598459198e-05,-1.7194467334127452e-06,1.715499757266824e-05
E3,183,183,166,17,342,0.907103825136612,0.32677165354330706,0.48046309696092615,raja,S13/S26_20190108_035218_3,af4_only,mean,mean__af4_only__E3,1,48,"[19, 30, 47]",3,False,6.453592725202358e-05,1.3070934534018852e-05,1.715499757266824e-05
