dataset,epoch_duration_s,selection,channel,center_method,n_sessions,precision,recall,f1
raja,10.0,all_channel,E104,mean,46,0.14583511240906716,0.012321294963647329,0.021155787548734664
raja,10.0,all_channel,E104,median,46,0.14662205516877136,0.012263444501578706,0.021063212255311797
raja,10.0,all_channel,E109,mean,46,0.16689038347755367,0.01671141894913813,0.028276818439449288
raja,10.0,all_channel,E109,median,46,0.1738445484494259,0.016417872322881947,0.027929825123333828
raja,10.0,all_channel,E11,mean,46,0.7893989777100718,0.5714455851343277,0.6183241281958487
raja,10.0,all_channel,E11,median,46,0.7886486666279984,0.5931313789200684,0.6328278710761556
raja,10.0,all_channel,E112,mean,46,0.26024340501617155,0.020751481571375102,0.03528165747318063
raja,10.0,all_channel,E112,median,46,0.25927798975525507,0.019990148280773522,0.0345760122620953
raja,10.0,all_channel,E117,mean,46,0.36938482865636524,0.05672282348072943,0.08725789725248298
raja,10.0,all_channel,E117,median,46,0.3695707207460644,0.056771173831982887,0.08755040351655854
raja,10.0,all_channel,E122,mean,46,0.29243209369357714,0.06188870583615229,0.09243596684443163
raja,10.0,all_channel,E122,median,46,0.29164221666849116,0.060905733856178944,0.09150357760884675
raja,10.0,all_channel,E124,mean,46,0.6807635879740771,0.3432757718670011,0.4210247483507789
raja,10.0,all_channel,E124,median,46,0.6793990330403226,0.36592183160820346,0.44110765648232403
raja,10.0,all_channel,E13,mean,46,0.2923696039415226,0.017797515819602733,0.03231347851126541
raja,10.0,all_channel,E13,median,46,0.29261317716751406,0.017741860880226862,0.03222375563502112
raja,10.0,all_channel,E22,mean,46,0.8604799477298309,0.8746947787068685,0.8491268324409151
raja,10.0,all_channel,E22,median,46,0.8548572637644709,0.8902771641918461,0.8570966308176698
raja,10.0,all_channel,E23,mean,46,0.8042502232003974,0.6964943742585343,0.7159009156922029
raja,10.0,all_channel,E23,median,46,0.8017994669613517,0.7140874738947108,0.7271537482897644
raja,10.0,all_channel,E24,mean,46,0.6345539770294357,0.3702142688638479,0.4317873828399827
raja,10.0,all_channel,E24,median,46,0.6342647778602555,0.39179672050238745,0.44971851413320246
raja,10.0,all_channel,E26,mean,46,0.6922219861104145,0.5712238744604542,0.5884175390590239
raja,10.0,all_channel,E26,median,46,0.6883439600332145,0.5910269974200361,0.6012323754122709
raja,10.0,all_channel,E28,mean,46,0.3843257712009958,0.06985972810616273,0.10888681876403875
raja,10.0,all_channel,E28,median,46,0.3828121018983596,0.07365425635214887,0.11358838677154857
raja,10.0,all_channel,E3,mean,46,0.8565639667850398,0.7471143332374609,0.7763811569458753
raja,10.0,all_channel,E3,median,46,0.8545289796694453,0.7681263012781226,0.7901619276292354
raja,10.0,all_channel,E33,mean,46,0.20595944212310674,0.05034520792099707,0.07419444042770917
raja,10.0,all_channel,E33,median,46,0.2077564870173358,0.050280488781352786,0.07412768221641515
raja,10.0,all_channel,E37,mean,46,0.14469762267520983,0.013028823334292911,0.023047110744017996
raja,10.0,all_channel,E37,median,46,0.1456566330506366,0.013008206336926885,0.023032998191445896
raja,10.0,all_channel,E40,mean,46,0.14902608503062376,0.01475317217888955,0.02542105268530084
raja,10.0,all_channel,E40,median,46,0.15036498889169891,0.014370224677424345,0.024803241968227016
raja,10.0,all_channel,E47,mean,46,0.12692470902707342,0.011832628043408941,0.019970557401204844
raja,10.0,all_channel,E47,median,46,0.12358627915710645,0.011494785443404931,0.01939293935043527
raja,10.0,all_channel,E59,mean,46,0.12612677896359437,0.011829646639458086,0.020430294204023876
raja,10.0,all_channel,E59,median,46,0.1297507115424331,0.011308544753554462,0.019621308111028555
raja,10.0,all_channel,E60,mean,46,0.12393284817682891,0.013001488731848927,0.022260818841497526
raja,10.0,all_channel,E60,median,46,0.12200459274729321,0.012700271237023678,0.02181815936817037
raja,10.0,all_channel,E62,mean,46,0.13052408479982763,0.017778606758191432,0.029578886717497355
raja,10.0,all_channel,E62,median,46,0.1347684110651454,0.017210110751400935,0.028696969001671218
raja,10.0,all_channel,E67,mean,46,0.13198347360747123,0.023608652079466125,0.03578172048935474
raja,10.0,all_channel,E67,median,46,0.13521078998278369,0.023263001830718572,0.03541522772043524
raja,10.0,all_channel,E70,mean,46,0.11871111745834508,0.014086454417571682,0.023497338847076932
raja,10.0,all_channel,E70,median,46,0.12352043397018583,0.013466650668381517,0.022537243103281847
raja,10.0,all_channel,E75,mean,46,0.12144622827588207,0.02104227285679262,0.03368156244468739
raja,10.0,all_channel,E75,median,46,0.12240207668285136,0.02049379824141669,0.0328273186990322
raja,10.0,all_channel,E77,mean,46,0.1402585901460057,0.019006736059726893,0.03074619883759646
raja,10.0,all_channel,E77,median,46,0.13916782240060047,0.018638908999286215,0.030161133406665753
raja,10.0,all_channel,E83,mean,46,0.11509487860546354,0.014293925393704504,0.022800932780697142
raja,10.0,all_channel,E83,median,46,0.11095416259897854,0.01374753637492201,0.021934991839024812
raja,10.0,all_channel,E84,mean,46,0.12318221670767665,0.014366302241134122,0.024705157927204575
raja,10.0,all_channel,E84,median,46,0.12077978363587005,0.013817393592417957,0.023798025217295186
raja,10.0,all_channel,E85,mean,46,0.11867094027539428,0.011585154551726139,0.020159514947246965
raja,10.0,all_channel,E85,median,46,0.1155737267017589,0.011135590574025534,0.019407624334236356
raja,10.0,all_channel,E87,mean,46,0.16472305502808,0.012528124919037525,0.021441066740468796
raja,10.0,all_channel,E87,median,46,0.16804650631243145,0.012431774957186708,0.021294559431087427
raja,10.0,all_channel,E9,mean,46,0.8586799057062018,0.8824046899195293,0.8536401171336085
raja,10.0,all_channel,E9,median,46,0.8538778513992022,0.8992243105516742,0.8627267423945955
raja,10.0,all_channel,E91,mean,46,0.13735512163973204,0.013291832534550494,0.022209741563620745
raja,10.0,all_channel,E91,median,46,0.12032174513142276,0.01283072660196115,0.021511292905006002
raja,10.0,all_channel,E98,mean,46,0.12325635486375512,0.011165958851045217,0.01936722836850127
raja,10.0,all_channel,E98,median,46,0.12016405268533516,0.010649821326254649,0.01851867958748207
raja,10.0,frontal,E124,mean,46,0.6823052087483249,0.28090745079145735,0.354619400466801
raja,10.0,frontal,E124,median,46,0.68124436971946,0.3011572201405163,0.3759252157354606
raja,10.0,frontal,E22,mean,46,0.875765420560058,0.8266308784844163,0.8210029680658366
raja,10.0,frontal,E22,median,46,0.8700896066261647,0.8461725134504875,0.8329498401650668
raja,10.0,frontal,E23,mean,46,0.8043968380821527,0.6423662541291103,0.6751323254605948
raja,10.0,frontal,E23,median,46,0.8007858609618148,0.6641081648832492,0.6888201240613134
raja,10.0,frontal,E24,mean,46,0.6351958199373255,0.3221320753983169,0.3863143182508226
raja,10.0,frontal,E24,median,46,0.6340762156606836,0.34243565767301765,0.4056803697215281
raja,10.0,frontal,E3,mean,46,0.8613995003879529,0.6812281264480745,0.7280659953077503
raja,10.0,frontal,E3,median,46,0.8594898864742819,0.7114949766047075,0.7492783872927021
raja,10.0,frontal,E9,mean,46,0.8715371551910117,0.8327702985181753,0.8254816847142087
raja,10.0,frontal,E9,median,46,0.8647058628084627,0.8505702475916962,0.8356097416695788
raja,10.0,frontal_left,E22,mean,46,0.8780896347401664,0.8069174393008065,0.8051703204484567
raja,10.0,frontal_left,E22,median,46,0.8747228743517443,0.8266630827846356,0.8181829112511494
raja,10.0,frontal_left,E23,mean,46,0.8065400976449603,0.6137105640682726,0.6526447962465466
raja,10.0,frontal_left,E23,median,46,0.802618488786807,0.6357986606076232,0.6670514639509174
raja,10.0,frontal_left,E24,mean,46,0.6391603253286562,0.28924757053769623,0.35218210709949493
raja,10.0,frontal_left,E24,median,46,0.6363066914240186,0.31050877323174164,0.37213184214887596
raja,10.0,frontal_right,E124,mean,46,0.6749380876124782,0.265203880638646,0.33521791312521865
raja,10.0,frontal_right,E124,median,46,0.6766338343956302,0.2861980919226998,0.3579759809141099
raja,10.0,frontal_right,E3,mean,46,0.8585981385223755,0.6688026702284481,0.7154422112823454
raja,10.0,frontal_right,E3,median,46,0.8573823616505396,0.6954067300762007,0.7340797376587255
raja,10.0,frontal_right,E9,mean,46,0.8729764483699537,0.820739582445887,0.8137050885395213
raja,10.0,frontal_right,E9,median,46,0.8666734175791181,0.8379535832911589,0.8246586707264904
raja,20.0,all_channel,E104,mean,46,0.14547417425665882,0.011105407275101621,0.019682404525864654
raja,20.0,all_channel,E104,median,46,0.14854502675295228,0.011082619926637487,0.019669643094676587
raja,20.0,all_channel,E109,mean,46,0.168985595421771,0.016140357123266086,0.02780194453185339
raja,20.0,all_channel,E109,median,46,0.1733421081943852,0.015692628224206216,0.027132808200713975
raja,20.0,all_channel,E11,mean,46,0.8002680132253509,0.5773601392180899,0.6253074461018963
raja,20.0,all_channel,E11,median,46,0.7999147390797682,0.5985796600054522,0.6398055947938605
raja,20.0,all_channel,E112,mean,46,0.2587416731908,0.018372746617809372,0.032077362375294655
raja,20.0,all_channel,E112,median,46,0.2618204836364854,0.018069707539004526,0.03171799480340995
raja,20.0,all_channel,E117,mean,46,0.3774041108164619,0.05294679433577349,0.08342094004231146
raja,20.0,all_channel,E117,median,46,0.3784198437520271,0.05354402735749882,0.08420832452704753
raja,20.0,all_channel,E122,mean,46,0.29340100851208806,0.06132016623884707,0.09271487430131847
raja,20.0,all_channel,E122,median,46,0.2923401156354021,0.06044136751608203,0.09146491102290258
raja,20.0,all_channel,E124,mean,46,0.6942268127737838,0.3508579656385476,0.428532975001214
raja,20.0,all_channel,E124,median,46,0.6931409541044327,0.3729917997766994,0.44852848279463214
raja,20.0,all_channel,E13,mean,46,0.29318446482984806,0.016945760603845096,0.030925511662916363
raja,20.0,all_channel,E13,median,46,0.2936254936602214,0.0169575225332662,0.03095266996754097
raja,20.0,all_channel,E22,mean,46,0.8659322855970271,0.8757861194592489,0.8536854487491127
raja,20.0,all_channel,E22,median,46,0.8607969546477962,0.8906736530624305,0.8613269080602358
raja,20.0,all_channel,E23,mean,46,0.8111577635005751,0.7016913781909714,0.7239614163596741
raja,20.0,all_channel,E23,median,46,0.8095400197870944,0.7196221584990975,0.7356460213047183
raja,20.0,all_channel,E24,mean,46,0.6380875480141744,0.3721538908784638,0.4358966991213372
raja,20.0,all_channel,E24,median,46,0.6407307735918341,0.3963327970312469,0.4554185798494627
raja,20.0,all_channel,E26,mean,46,0.6936603298465708,0.5794305751877279,0.5961111096245565
raja,20.0,all_channel,E26,median,46,0.6899528008331544,0.5988608665277698,0.6083985788861473
raja,20.0,all_channel,E28,mean,46,0.3846249368268345,0.07021216622492486,0.11015916973363676
raja,20.0,all_channel,E28,median,46,0.3849794696479599,0.07461231341211834,0.11559224002556434
raja,20.0,all_channel,E3,mean,46,0.8664538438549158,0.7566238622618648,0.7872095927314257
raja,20.0,all_channel,E3,median,46,0.8644047586121409,0.7779404417190602,0.8014945455525797
raja,20.0,all_channel,E33,mean,46,0.2081484511979267,0.04944681368910528,0.07362704679635587
raja,20.0,all_channel,E33,median,46,0.20853615731153666,0.04961050239063468,0.07366064669922716
raja,20.0,all_channel,E37,mean,46,0.14837552971660825,0.012434043213188051,0.022268130970393363
raja,20.0,all_channel,E37,median,46,0.14763652203718775,0.012178871939426227,0.021878617003782894
raja,20.0,all_channel,E40,mean,46,0.14856453632630698,0.014141999884208098,0.02470561941235627
raja,20.0,all_channel,E40,median,46,0.14790791737225484,0.013625866595825334,0.023866719307789868
raja,20.0,all_channel,E47,mean,46,0.1209658255950115,0.010742818723921492,0.018343355274827874
raja,20.0,all_channel,E47,median,46,0.11853122800224955,0.010521506930587551,0.017972324608550846
raja,20.0,all_channel,E59,mean,46,0.12195482126150128,0.010932291074820666,0.01903458120392884
raja,20.0,all_channel,E59,median,46,0.11861397279447115,0.01052106969634419,0.018442376198222386
raja,20.0,all_channel,E60,mean,46,0.12155601812735033,0.012472146431410756,0.021601982042844404
raja,20.0,all_channel,E60,median,46,0.12244065836895414,0.01204176848101848,0.020953371967248745
raja,20.0,all_channel,E62,mean,46,0.13102265110956168,0.016663373899161886,0.028051501857222005
raja,20.0,all_channel,E62,median,46,0.1360145013045,0.016290604743498475,0.027509051474399415
raja,20.0,all_channel,E67,mean,46,0.1321159707896321,0.023681931925276567,0.036122441397231426
raja,20.0,all_channel,E67,median,46,0.13546400928209582,0.02294210535917921,0.035200490582141364
raja,20.0,all_channel,E70,mean,46,0.1145984972103232,0.012730675384059977,0.021552255992305928
raja,20.0,all_channel,E70,median,46,0.12190594168216912,0.012402854721974197,0.02107378703352765
raja,20.0,all_channel,E75,mean,46,0.12119420648244923,0.020886865906698037,0.03353476946258668
raja,20.0,all_channel,E75,median,46,0.12332524052252525,0.020429029934584706,0.032881105501076056
raja,20.0,all_channel,E77,mean,46,0.1368082958268108,0.01839003723166543,0.02998191047938665
raja,20.0,all_channel,E77,median,46,0.1384419804791808,0.018110057495680284,0.029596357125522582
raja,20.0,all_channel,E83,mean,46,0.10776646738640396,0.013898876540888776,0.022351613742249442
raja,20.0,all_channel,E83,median,46,0.10728049922128655,0.01360355005155611,0.021916061866224204
raja,20.0,all_channel,E84,mean,46,0.11890598639907887,0.013418359223506388,0.023169341186926925
raja,20.0,all_channel,E84,median,46,0.11728690512580134,0.013059454460919311,0.02256800294989948
raja,20.0,all_channel,E85,mean,46,0.11451598902214198,0.01090877280236928,0.019143431050546573
raja,20.0,all_channel,E85,median,46,0.11264222790889288,0.010320772958822206,0.01820530893594553
raja,20.0,all_channel,E87,mean,46,0.1666068189919829,0.012249417269381193,0.020853711986376054
raja,20.0,all_channel,E87,median,46,0.1698451090084235,0.012189177399003851,0.02078673376458429
raja,20.0,all_channel,E9,mean,46,0.8657141255328569,0.8851810977399575,0.8600540890438569
raja,20.0,all_channel,E9,median,46,0.8600499408693466,0.9007355976257417,0.8679474083414689
raja,20.0,all_channel,E91,mean,46,0.12010396842539238,0.012436318481851411,0.021078644683714245
raja,20.0,all_channel,E91,median,46,0.12128417989888195,0.012134036519404609,0.02064171999293907
raja,20.0,all_channel,E98,mean,46,0.11067243494460459,0.01042345944152935,0.01823144065272017
raja,20.0,all_channel,E98,median,46,0.1110244981614256,0.010014595445307337,0.01755931763577956
raja,20.0,frontal,E124,mean,46,0.6972216935885791,0.31569753087941593,0.3925657916999401
raja,20.0,frontal,E124,median,46,0.6954272760985863,0.33620657419974775,0.41115758132320573
raja,20.0,frontal,E22,mean,46,0.8791879703108121,0.83800565931403,0.8311758301045706
raja,20.0,frontal,E22,median,46,0.8735001935087763,0.8547187090767321,0.841805378546447
raja,20.0,frontal,E23,mean,46,0.8179965641299557,0.6560411922545704,0.6886012596256953
raja,20.0,frontal,E23,median,46,0.8147404298249311,0.6742444995752931,0.7013815613374285
raja,20.0,frontal,E24,mean,46,0.6384807084048749,0.3446432426535492,0.4083518129914277
raja,20.0,frontal,E24,median,46,0.6410998189382793,0.3681793795579535,0.42808923276521876
raja,20.0,frontal,E3,mean,46,0.8738912503628097,0.6951570556841373,0.743305664896815
raja,20.0,frontal,E3,median,46,0.871585698927851,0.7240415455326432,0.7651140699059564
raja,20.0,frontal,E9,mean,46,0.8742191973389307,0.8454141523098925,0.8372814108286595
raja,20.0,frontal,E9,median,46,0.869850610814341,0.8645816140154434,0.8494984656507034
raja,20.0,frontal_left,E22,mean,46,0.8835460685094105,0.8253100822644465,0.8257767425106862
raja,20.0,frontal_left,E22,median,46,0.8784508572112825,0.8445326226391571,0.8386531634932806
raja,20.0,frontal_left,E23,mean,46,0.8195910082366413,0.6341849078396633,0.6722876025296332
raja,20.0,frontal_left,E23,median,46,0.8152274028063242,0.6529189212705561,0.6867103102753331
raja,20.0,frontal_left,E24,mean,46,0.6394764062485293,0.32687041050162835,0.3939855558440163
raja,20.0,frontal_left,E24,median,46,0.6386945380234071,0.34898430490507737,0.41247804091294327
raja,20.0,frontal_right,E124,mean,46,0.6942392273265537,0.30871350151152216,0.38222417819779325
raja,20.0,frontal_right,E124,median,46,0.693794276341084,0.3277999404838394,0.4003059968941083
raja,20.0,frontal_right,E3,mean,46,0.8757358119454078,0.6823432154843938,0.7317384189871136
raja,20.0,frontal_right,E3,median,46,0.8737927701746494,0.7097825257032612,0.7528713380126616
raja,20.0,frontal_right,E9,mean,46,0.8815443739507162,0.8313386850909575,0.8285695995859321
raja,20.0,frontal_right,E9,median,46,0.876648040310223,0.8499773241264809,0.8410067907188126
raja,30.0,all_channel,E104,mean,46,0.1623619980982064,0.010440662429565782,0.018793846338521835
raja,30.0,all_channel,E104,median,46,0.1573150276434182,0.010281363155704078,0.018520867708422095
raja,30.0,all_channel,E109,mean,46,0.16806135213433726,0.01575085307754324,0.027290892679628066
raja,30.0,all_channel,E109,median,46,0.16961455935983438,0.015301328362549486,0.02658258486761283
raja,30.0,all_channel,E11,mean,46,0.807823647580763,0.5790638911072343,0.6283366649438988
raja,30.0,all_channel,E11,median,46,0.805321663700958,0.5991967034592445,0.6416366659033038
raja,30.0,all_channel,E112,mean,46,0.2800398585082932,0.017955082739168203,0.0316556284615398
raja,30.0,all_channel,E112,median,46,0.27584578906953117,0.017543598988852088,0.03105795738294379
raja,30.0,all_channel,E117,mean,46,0.37437507297334766,0.0508054980280499,0.08064076101283657
raja,30.0,all_channel,E117,median,46,0.3738222284790458,0.05114609122626609,0.08103783919408719
raja,30.0,all_channel,E122,mean,46,0.29658732416211814,0.061286736749832524,0.09345957101656864
raja,30.0,all_channel,E122,median,46,0.29584839274186703,0.05997437722384271,0.09219871812835156
raja,30.0,all_channel,E124,mean,46,0.6989965806145276,0.3555430088844075,0.4331065748085242
raja,30.0,all_channel,E124,median,46,0.6979969731798057,0.37747332817733886,0.4523480183836279
raja,30.0,all_channel,E13,mean,46,0.29168048242218914,0.01664609869213327,0.030379858077528327
raja,30.0,all_channel,E13,median,46,0.29323948619843915,0.016831181195959603,0.030709354408678387
raja,30.0,all_channel,E22,mean,46,0.8704172730679415,0.8742576515464163,0.8555498644342978
raja,30.0,all_channel,E22,median,46,0.8645123931457427,0.8892942642381515,0.8631986891019099
raja,30.0,all_channel,E23,mean,46,0.8206556571518865,0.7018686651313158,0.7263770435341321
raja,30.0,all_channel,E23,median,46,0.8165516428799094,0.7195828866210631,0.7376131113725449
raja,30.0,all_channel,E24,mean,46,0.644189960731989,0.3777887561957667,0.4418077159856249
raja,30.0,all_channel,E24,median,46,0.6419240963335631,0.3966503819438177,0.4564673628721163
raja,30.0,all_channel,E26,mean,46,0.6946865821364085,0.5847295957789576,0.6000111857358453
raja,30.0,all_channel,E26,median,46,0.6904778400348383,0.6023535228641823,0.6106037579795895
raja,30.0,all_channel,E28,mean,46,0.3877233976192166,0.07065281670609591,0.11125311468783805
raja,30.0,all_channel,E28,median,46,0.38472277834303215,0.07466641575830782,0.11597201865800526
raja,30.0,all_channel,E3,mean,46,0.8712149099649443,0.7561220805015156,0.789201209724373
raja,30.0,all_channel,E3,median,46,0.869130603305699,0.7767015878191327,0.8032305988197855
raja,30.0,all_channel,E33,mean,46,0.20782678232425547,0.0498906291054698,0.07407171969293304
raja,30.0,all_channel,E33,median,46,0.20912962833671106,0.050284065958365994,0.0744786474350548
raja,30.0,all_channel,E37,mean,46,0.15084502555452664,0.012525574844962176,0.022517622039698648
raja,30.0,all_channel,E37,median,46,0.1503883349593928,0.012142094521027935,0.021877583199216753
raja,30.0,all_channel,E40,mean,46,0.1511671958842464,0.01437278880979417,0.025180505700144497
raja,30.0,all_channel,E40,median,46,0.15086984833248304,0.013966823063645013,0.024566660492846663
raja,30.0,all_channel,E47,mean,46,0.12210632868960777,0.010559651959690391,0.018189944243091928
raja,30.0,all_channel,E47,median,46,0.1219782647457144,0.010498296358719648,0.01803512236597591
raja,30.0,all_channel,E59,mean,46,0.12469834647820656,0.010916890560577172,0.019048121567247164
raja,30.0,all_channel,E59,median,46,0.11820573170162367,0.010394613340648914,0.018218190246004014
raja,30.0,all_channel,E60,mean,46,0.1227065089205307,0.012140666689351882,0.02112163000848538
raja,30.0,all_channel,E60,median,46,0.12384401660777797,0.011758232545038574,0.02053408089167964
raja,30.0,all_channel,E62,mean,46,0.13455792015288945,0.01699422659748941,0.028759802091688335
raja,30.0,all_channel,E62,median,46,0.13804760520080514,0.01648179481028055,0.028001841232125756
raja,30.0,all_channel,E67,mean,46,0.1375843953281146,0.023592826434602386,0.036386617431710726
raja,30.0,all_channel,E67,median,46,0.14147709149960183,0.02322182391126859,0.035983808828275475
raja,30.0,all_channel,E70,mean,46,0.1165151219827108,0.012807885508842116,0.02177022259476803
raja,30.0,all_channel,E70,median,46,0.12260390424019521,0.012456894731561703,0.021263698145408377
raja,30.0,all_channel,E75,mean,46,0.12153638228610052,0.021045829053733357,0.03367601943981379
raja,30.0,all_channel,E75,median,46,0.12369374821943868,0.020618492523662085,0.03308204383640111
raja,30.0,all_channel,E77,mean,46,0.14405840840553694,0.018586567556674604,0.030543406217535315
raja,30.0,all_channel,E77,median,46,0.14332916748899563,0.01813964889307906,0.02983884709378542
raja,30.0,all_channel,E83,mean,46,0.11541758559163186,0.013565821567525331,0.022105908834176218
raja,30.0,all_channel,E83,median,46,0.1170065166399038,0.013088641143345925,0.021331562071467365
raja,30.0,all_channel,E84,mean,46,0.1182282495520034,0.013181622092580862,0.02277663223487541
raja,30.0,all_channel,E84,median,46,0.11719586861976358,0.012760661842343998,0.022101818109933734
raja,30.0,all_channel,E85,mean,46,0.11441633328093086,0.010577088825854515,0.018644152593400066
raja,30.0,all_channel,E85,median,46,0.11432138395187044,0.009993363782927558,0.017726087268440813
raja,30.0,all_channel,E87,mean,46,0.16984629064446802,0.011525530484292185,0.020389471142227958
raja,30.0,all_channel,E87,median,46,0.17310708472041222,0.01138329892338422,0.02017060467295236
raja,30.0,all_channel,E9,mean,46,0.8675139836609044,0.8820031348129397,0.8598910022247624
raja,30.0,all_channel,E9,median,46,0.8627533824986895,0.8974087682421461,0.868215392616891
raja,30.0,all_channel,E91,mean,46,0.11292791403824036,0.011800380698094512,0.020024508392910177
raja,30.0,all_channel,E91,median,46,0.11659671387489935,0.011404950069345117,0.01941574773321803
raja,30.0,all_channel,E98,mean,46,0.11473506669693981,0.010191211610980107,0.017967864054914535
raja,30.0,all_channel,E98,median,46,0.11831824852620226,0.009908019203334258,0.01749478841939893
raja,30.0,frontal,E124,mean,46,0.7028977552845209,0.3160465961904344,0.3918208480272347
raja,30.0,frontal,E124,median,46,0.7008575262400762,0.33533457510398096,0.40997833548702706
raja,30.0,frontal,E22,mean,46,0.8804500175288233,0.840215748962671,0.8355644642728176
raja,30.0,frontal,E22,median,46,0.8756391527219761,0.860341938247653,0.8483875813730615
raja,30.0,frontal,E23,mean,46,0.8242435668946776,0.6572600874524979,0.6932724520911784
raja,30.0,frontal,E23,median,46,0.8196160361132574,0.6772588718962923,0.7069956279260401
raja,30.0,frontal,E24,mean,46,0.6427918878534736,0.346375037977065,0.4114381053770353
raja,30.0,frontal,E24,median,46,0.639058729793674,0.3653602756359019,0.4268211765264133
raja,30.0,frontal,E3,mean,46,0.8769296025501178,0.7043126070485101,0.7510366679004612
raja,30.0,frontal,E3,median,46,0.8746066704895916,0.7309917450249297,0.7704421686400799
raja,30.0,frontal,E9,mean,46,0.8774882729210761,0.8482028664755107,0.8412064595441336
raja,30.0,frontal,E9,median,46,0.873420956627183,0.8659545553230011,0.8528012709065443
raja,30.0,frontal_left,E22,mean,46,0.8840918893682042,0.8341924431995086,0.8361335604968169
raja,30.0,frontal_left,E22,median,46,0.879351572881801,0.857250384420164,0.8504753598519824
raja,30.0,frontal_left,E23,mean,46,0.8284690952980117,0.6393585611384668,0.6834518613066913
raja,30.0,frontal_left,E23,median,46,0.8260371659503342,0.6618815326963577,0.7001536274262053
raja,30.0,frontal_left,E24,mean,46,0.6465499068128774,0.32965965742645875,0.39796828012712204
raja,30.0,frontal_left,E24,median,46,0.6457754506763739,0.34856461890760676,0.4141041295215562
raja,30.0,frontal_right,E124,mean,46,0.7020632948512648,0.30977651938281336,0.3856880844863369
raja,30.0,frontal_right,E124,median,46,0.7031772440276041,0.3289933990647277,0.40246547911120734
raja,30.0,frontal_right,E3,mean,46,0.8786355257780648,0.6893764090589471,0.738378804787217
raja,30.0,frontal_right,E3,median,46,0.8760720171489828,0.7120240666550772,0.7551101409187615
raja,30.0,frontal_right,E9,mean,46,0.8823037001773184,0.831925676245701,0.829291544535635
raja,30.0,frontal_right,E9,median,46,0.8776929124906764,0.8485480613724484,0.8402502629514516
raja,40.0,all_channel,E104,mean,46,0.1519545128994098,0.010389099811377494,0.01877657880792008
raja,40.0,all_channel,E104,median,46,0.15057436998521534,0.01012001783781406,0.01832329533656617
raja,40.0,all_channel,E109,mean,46,0.17471882853582305,0.015464920289379742,0.026876398669406904
raja,40.0,all_channel,E109,median,46,0.17488033277547202,0.014914102982801665,0.026004441371726795
raja,40.0,all_channel,E11,mean,46,0.8091133407928729,0.5784682417959361,0.6299920173673619
raja,40.0,all_channel,E11,median,46,0.8081853150021433,0.5982353529935621,0.6430725371848972
raja,40.0,all_channel,E112,mean,46,0.26703331521591334,0.01752034192818982,0.030768980775685018
raja,40.0,all_channel,E112,median,46,0.267933914178286,0.017271074674112607,0.030493490300955717
raja,40.0,all_channel,E117,mean,46,0.3744840665490013,0.050070743641570506,0.07921963687289857
raja,40.0,all_channel,E117,median,46,0.37422892405951946,0.050420575616276685,0.0795361565063038
raja,40.0,all_channel,E122,mean,46,0.2957323368715042,0.06015422434597656,0.09164303796281717
raja,40.0,all_channel,E122,median,46,0.29585998442754435,0.05958145443455686,0.09104817580877676
raja,40.0,all_channel,E124,mean,46,0.7035332905766206,0.34851735332272504,0.42879113784889156
raja,40.0,all_channel,E124,median,46,0.7024508373144954,0.3705602564069211,0.4480286391220084
raja,40.0,all_channel,E13,mean,46,0.29389180404282117,0.01638608031790646,0.0299260006732441
raja,40.0,all_channel,E13,median,46,0.293493403023124,0.016487314668712182,0.030100846652150553
raja,40.0,all_channel,E22,mean,46,0.8699668903368737,0.8688610024511425,0.8519360933066707
raja,40.0,all_channel,E22,median,46,0.8655702486356777,0.8846399697320164,0.8610391456508756
raja,40.0,all_channel,E23,mean,46,0.8218902650331716,0.6975431885163954,0.7240864344192524
raja,40.0,all_channel,E23,median,46,0.818833676334959,0.7148808448018341,0.735234948295512
raja,40.0,all_channel,E24,mean,46,0.6458725245936252,0.37106211394123845,0.4367568091724319
raja,40.0,all_channel,E24,median,46,0.6436423353907859,0.3909395865126842,0.4529978300723463
raja,40.0,all_channel,E26,mean,46,0.6984936614991019,0.5768037010094386,0.5973905204591345
raja,40.0,all_channel,E26,median,46,0.6937434766550135,0.5946889986698677,0.6081277656623314
raja,40.0,all_channel,E28,mean,46,0.3919535567487633,0.0683867800386376,0.10835256286909375
raja,40.0,all_channel,E28,median,46,0.3901321648389284,0.07222147189696529,0.11311907428544521
raja,40.0,all_channel,E3,mean,46,0.872312041129121,0.7544779811865384,0.7889664228608525
raja,40.0,all_channel,E3,median,46,0.8703696864532268,0.7747134737479707,0.8027730594129295
raja,40.0,all_channel,E33,mean,46,0.210281951679449,0.04909137465924632,0.07340975688862048
raja,40.0,all_channel,E33,median,46,0.20993232635546794,0.04895748630101186,0.07308345389211579
raja,40.0,all_channel,E37,mean,46,0.14684863770388829,0.012043209951119134,0.02167144955725488
raja,40.0,all_channel,E37,median,46,0.14939630772519613,0.011993469495293058,0.021602639502849935
raja,40.0,all_channel,E40,mean,46,0.15173633478979195,0.01385989734512965,0.02431194473280351
raja,40.0,all_channel,E40,median,46,0.15176147421739303,0.013493522605902863,0.023731795954497
raja,40.0,all_channel,E47,mean,46,0.12266312044731138,0.010647164788669585,0.018295353198076812
raja,40.0,all_channel,E47,median,46,0.12187348063994748,0.010318538648371489,0.017708472590433
raja,40.0,all_channel,E59,mean,46,0.12457596869168387,0.010751271232588547,0.018725143876353503
raja,40.0,all_channel,E59,median,46,0.11788686457182744,0.010246865578078062,0.017914199112959443
raja,40.0,all_channel,E60,mean,46,0.1243005865923574,0.012085105579448087,0.021030580368348522
raja,40.0,all_channel,E60,median,46,0.1261904305783908,0.011819879625777132,0.020663120556348696
raja,40.0,all_channel,E62,mean,46,0.1350077892062184,0.016850140587286126,0.02848347775625717
raja,40.0,all_channel,E62,median,46,0.13754093835174805,0.01626147864866601,0.027582480576219794
raja,40.0,all_channel,E67,mean,46,0.13456187308006984,0.0232203892483763,0.03569655764716618
raja,40.0,all_channel,E67,median,46,0.13794532782128727,0.022877124700190207,0.03531998380789637
raja,40.0,all_channel,E70,mean,46,0.11596276006574435,0.01233083464602038,0.020984314939600318
raja,40.0,all_channel,E70,median,46,0.12233142715851913,0.011910924018556226,0.020355938356669618
raja,40.0,all_channel,E75,mean,46,0.12298263078475434,0.020948212557638703,0.03366657781598044
raja,40.0,all_channel,E75,median,46,0.1206185917674508,0.020487423223605788,0.03293944381748424
raja,40.0,all_channel,E77,mean,46,0.14091449538508782,0.01847963271984714,0.03041262808387314
raja,40.0,all_channel,E77,median,46,0.14311845630425685,0.018065295144969552,0.02978571150005189
raja,40.0,all_channel,E83,mean,46,0.10515064452501853,0.013608125818459571,0.021924573770198363
raja,40.0,all_channel,E83,median,46,0.10533412129824225,0.013167228762909988,0.02124910345270085
raja,40.0,all_channel,E84,mean,46,0.11891717620650445,0.01308402599266897,0.022609980348793492
raja,40.0,all_channel,E84,median,46,0.118156071105052,0.012739261718268325,0.02204990253236759
raja,40.0,all_channel,E85,mean,46,0.11182016592441242,0.010284733529161013,0.018159813259547186
raja,40.0,all_channel,E85,median,46,0.11525383565382423,0.009901192908484638,0.0175799084302667
raja,40.0,all_channel,E87,mean,46,0.16535083961959232,0.011490901787963448,0.020018578263627528
raja,40.0,all_channel,E87,median,46,0.1694149058265666,0.011411156471580851,0.019908000435119713
raja,40.0,all_channel,E9,mean,46,0.8679823987964166,0.8784784898395617,0.858398530490642
raja,40.0,all_channel,E9,median,46,0.8624595337029279,0.8943992212396199,0.8667296491615322
raja,40.0,all_channel,E91,mean,46,0.12665882544606716,0.011979069523497332,0.020390276244061062
raja,40.0,all_channel,E91,median,46,0.13664552516562506,0.011601783681615536,0.019776510881692945
raja,40.0,all_channel,E98,mean,46,0.11691131283254387,0.010280026514853423,0.01814165319602506
raja,40.0,all_channel,E98,median,46,0.11827144051128478,0.009814788335969115,0.0173989008637265
raja,40.0,frontal,E124,mean,46,0.7007661089734193,0.31958677648351846,0.39871011700896036
raja,40.0,frontal,E124,median,46,0.7019468220109344,0.3364402021651109,0.4146245016913619
raja,40.0,frontal,E22,mean,46,0.8799741695785686,0.8432099378444249,0.8376642695636959
raja,40.0,frontal,E22,median,46,0.8753034547337929,0.859577713129716,0.8482639573448513
raja,40.0,frontal,E23,mean,46,0.8262665252198482,0.6524448383448918,0.6918824536004863
raja,40.0,frontal,E23,median,46,0.824963948616918,0.6695157914792426,0.7049370380270752
raja,40.0,frontal,E24,mean,46,0.6448372970216009,0.34044781251954886,0.4088974209248338
raja,40.0,frontal,E24,median,46,0.6449087335530936,0.35684617667753854,0.42261849237869287
raja,40.0,frontal,E3,mean,46,0.8818101018090113,0.6993808166713678,0.7485548834594493
raja,40.0,frontal,E3,median,46,0.8791546320031385,0.7327015717680617,0.7747139361676275
raja,40.0,frontal,E9,mean,46,0.8798080474877207,0.8495430043490569,0.8437354049090322
raja,40.0,frontal,E9,median,46,0.8732877534909474,0.8677717157198768,0.8544822853470191
raja,40.0,frontal_left,E22,mean,46,0.8775142683386212,0.8295254567492166,0.823831362264419
raja,40.0,frontal_left,E22,median,46,0.8736819888590454,0.8468847256656489,0.8364617600696016
raja,40.0,frontal_left,E23,mean,46,0.821429870044242,0.6380265575491383,0.6758827278170108
raja,40.0,frontal_left,E23,median,46,0.8193687210526648,0.6531096567826853,0.6874432591661921
raja,40.0,frontal_left,E24,mean,46,0.6343443659192018,0.3315559027327995,0.3934864632713328
raja,40.0,frontal_left,E24,median,46,0.6350314455344508,0.34887938444501093,0.4074715889270106
raja,40.0,frontal_right,E124,mean,46,0.7027911294480539,0.3145864171221902,0.3934109087925025
raja,40.0,frontal_right,E124,median,46,0.7035331138708392,0.33178518899818643,0.40990798734527917
raja,40.0,frontal_right,E3,mean,46,0.88063553629903,0.6860912897270625,0.7374555388897766
raja,40.0,frontal_right,E3,median,46,0.8785696519890797,0.7208205133902311,0.7648261115409811
raja,40.0,frontal_right,E9,mean,46,0.8839377074389053,0.8401743159808162,0.8381849517858521
raja,40.0,frontal_right,E9,median,46,0.8770164175686892,0.8567583721085081,0.8473484589810398
raja,50.0,all_channel,E104,mean,46,0.15110495950926206,0.0098004034694811,0.01779846447967206
raja,50.0,all_channel,E104,median,46,0.14599199515549957,0.009686460909914934,0.017597308385436317
raja,50.0,all_channel,E109,mean,46,0.16794206575689927,0.015391283674941863,0.02678174330969247
raja,50.0,all_channel,E109,median,46,0.17211771748406096,0.015006608605141518,0.026191825171608327
raja,50.0,all_channel,E11,mean,46,0.8121004486738655,0.5789793886312422,0.6303834613586364
raja,50.0,all_channel,E11,median,46,0.8105499452625967,0.5975654424240586,0.6427131685538601
raja,50.0,all_channel,E112,mean,46,0.26871709757558376,0.016906627897530713,0.030018527612036286
raja,50.0,all_channel,E112,median,46,0.26968816409292434,0.016766346712034343,0.029948125115470795
raja,50.0,all_channel,E117,mean,46,0.3802655702874394,0.05056867276074533,0.08109242842988813
raja,50.0,all_channel,E117,median,46,0.37991929526206547,0.050840644307171966,0.08129068023282411
raja,50.0,all_channel,E122,mean,46,0.2963125888015415,0.06055627250098441,0.09281358285631955
raja,50.0,all_channel,E122,median,46,0.29687985293982727,0.059895504323413035,0.0923505727265281
raja,50.0,all_channel,E124,mean,46,0.7062516619077369,0.3539746976279964,0.4328735228364145
raja,50.0,all_channel,E124,median,46,0.7059847092560453,0.37479829039646284,0.4511948856105544
raja,50.0,all_channel,E13,mean,46,0.29195913886169966,0.016261444355045573,0.02959479953273399
raja,50.0,all_channel,E13,median,46,0.29023604321024166,0.016282698055606285,0.029643823465592106
raja,50.0,all_channel,E22,mean,46,0.8702864861741307,0.8671527899139874,0.8515733949702742
raja,50.0,all_channel,E22,median,46,0.8642964112578813,0.8821807643498041,0.859236602200123
raja,50.0,all_channel,E23,mean,46,0.8200145470829869,0.6983461047988149,0.7246435145021144
raja,50.0,all_channel,E23,median,46,0.8183611513722514,0.715244759599612,0.736120958132626
raja,50.0,all_channel,E24,mean,46,0.6461599139739428,0.37397565887951745,0.43941709743360646
raja,50.0,all_channel,E24,median,46,0.643151867680198,0.3919356085340736,0.4531494260838933
raja,50.0,all_channel,E26,mean,46,0.6954023811652661,0.5792465474228661,0.5980518288769536
raja,50.0,all_channel,E26,median,46,0.6906051024308361,0.5959691495587581,0.607518281167182
raja,50.0,all_channel,E28,mean,46,0.3861406868917348,0.06841776048316796,0.10851892338658076
raja,50.0,all_channel,E28,median,46,0.38254454465791354,0.07209818088996603,0.11298289301611372
raja,50.0,all_channel,E3,mean,46,0.8725680400282987,0.7539289618515067,0.7884692309811338
raja,50.0,all_channel,E3,median,46,0.8712921000848342,0.7726803275492025,0.8017075625230967
raja,50.0,all_channel,E33,mean,46,0.20933528729677794,0.04962038415608543,0.07385310091041805
raja,50.0,all_channel,E33,median,46,0.20913420910385125,0.04953897390389865,0.07362184540701683
raja,50.0,all_channel,E37,mean,46,0.15087981076367696,0.012138695209033825,0.021895505651573065
raja,50.0,all_channel,E37,median,46,0.15048377140882294,0.011853058551004159,0.021431821662521784
raja,50.0,all_channel,E40,mean,46,0.14986727313668946,0.01389872694684103,0.024455111588917014
raja,50.0,all_channel,E40,median,46,0.15096071622214896,0.013429167752324356,0.023746002530282202
raja,50.0,all_channel,E47,mean,46,0.11801934318287097,0.010323364341142383,0.01778439910967873
raja,50.0,all_channel,E47,median,46,0.11804901030961963,0.010037190127850414,0.017219313472515006
raja,50.0,all_channel,E59,mean,46,0.12181628965774018,0.01071663384820346,0.018696498457504578
raja,50.0,all_channel,E59,median,46,0.12347855418605716,0.010265493280987146,0.018025022419147278
raja,50.0,all_channel,E60,mean,46,0.12144692579713778,0.011816458151813954,0.02056219817476828
raja,50.0,all_channel,E60,median,46,0.12198967600983929,0.011453086167596537,0.020005995778979407
raja,50.0,all_channel,E62,mean,46,0.1356951719830568,0.016655493101236964,0.028383997605928926
raja,50.0,all_channel,E62,median,46,0.13547771263675237,0.016028960138631858,0.02738233866977492
raja,50.0,all_channel,E67,mean,46,0.13704844182780065,0.02277637019239511,0.03527556285575529
raja,50.0,all_channel,E67,median,46,0.13910679628290384,0.02217983348648316,0.03441308369140206
raja,50.0,all_channel,E70,mean,46,0.11748352495438279,0.012159597643875636,0.020717660228515348
raja,50.0,all_channel,E70,median,46,0.11758168067535374,0.011645150433373446,0.019875360876712392
raja,50.0,all_channel,E75,mean,46,0.12163509407722832,0.020609295134750315,0.03313481438581458
raja,50.0,all_channel,E75,median,46,0.12071373720495802,0.020155138223189616,0.032446739011833425
raja,50.0,all_channel,E77,mean,46,0.14027364997977187,0.01844377364581284,0.030232959951397683
raja,50.0,all_channel,E77,median,46,0.1419487414324063,0.01787839912246132,0.029402378364525614
raja,50.0,all_channel,E83,mean,46,0.10535565038488794,0.013340895789663859,0.021528803019607717
raja,50.0,all_channel,E83,median,46,0.10460811417341957,0.01295250464851995,0.02088831508426181
raja,50.0,all_channel,E84,mean,46,0.11653970783969672,0.012892070948078975,0.022265115000332535
raja,50.0,all_channel,E84,median,46,0.11660115588125623,0.012576338810949519,0.021783754853438024
raja,50.0,all_channel,E85,mean,46,0.11551004501731595,0.010479061467065202,0.01851755291777027
raja,50.0,all_channel,E85,median,46,0.11532643580341626,0.00986054532520044,0.017532422614671774
raja,50.0,all_channel,E87,mean,46,0.16493228557233855,0.010840625895273504,0.019502256239126093
raja,50.0,all_channel,E87,median,46,0.16735884595900316,0.010681196561015065,0.01925668832917947
raja,50.0,all_channel,E9,mean,46,0.8681931226597952,0.8755413302788552,0.8569340029062164
raja,50.0,all_channel,E9,median,46,0.8630548440513562,0.890665939607634,0.8651042401546146
raja,50.0,all_channel,E91,mean,46,0.13004773650192258,0.011881403995007386,0.02035882304619889
raja,50.0,all_channel,E91,median,46,0.12286092001698719,0.011217222915492734,0.019237434551354307
raja,50.0,all_channel,E98,mean,46,0.11667852401287977,0.010096826883554988,0.017928021258629686
raja,50.0,all_channel,E98,median,46,0.11379926550347383,0.009774937125010662,0.01741800571102892
raja,50.0,frontal,E124,mean,46,0.706168694447271,0.31931254660018166,0.399295190509553
raja,50.0,frontal,E124,median,46,0.7050415732256539,0.3389132912025689,0.4166526253821505
raja,50.0,frontal,E22,mean,46,0.8836928016494106,0.827695490888835,0.8242765401745148
raja,50.0,frontal,E22,median,46,0.8801708201206108,0.8443704604544856,0.8366165448790344
raja,50.0,frontal,E23,mean,46,0.8262292528810472,0.6502954112221354,0.687837920310124
raja,50.0,frontal,E23,median,46,0.8208028028972373,0.6627739918003445,0.6968966641032225
raja,50.0,frontal,E24,mean,46,0.6422987865525824,0.3427081744056509,0.4096404322012418
raja,50.0,frontal,E24,median,46,0.6427805347465465,0.360387102921975,0.42326124022711714
raja,50.0,frontal,E3,mean,46,0.8830352749375053,0.6941239223687206,0.7446815590607948
raja,50.0,frontal,E3,median,46,0.8789418364673819,0.7134366057213467,0.7602329025547092
raja,50.0,frontal,E9,mean,46,0.883332229454957,0.8367297720767348,0.8340894392872791
raja,50.0,frontal,E9,median,46,0.8784852805347043,0.8539067116240291,0.8458846946212624
raja,50.0,frontal_left,E22,mean,46,0.8845310753726017,0.8225994872115389,0.8205526574019343
raja,50.0,frontal_left,E22,median,46,0.8811092472990597,0.841665640267056,0.8349583012636173
raja,50.0,frontal_left,E23,mean,46,0.8257550696707708,0.640444929045163,0.6784318794600396
raja,50.0,frontal_left,E23,median,46,0.8216409298664002,0.6538516582135321,0.6883594199535095
raja,50.0,frontal_left,E24,mean,46,0.6415104755993528,0.33763950295271405,0.40304606246458563
raja,50.0,frontal_left,E24,median,46,0.6398823992490905,0.3558958012513265,0.4167355468207336
raja,50.0,frontal_right,E124,mean,46,0.7041128649670125,0.3120617774075055,0.3893883608518421
raja,50.0,frontal_right,E124,median,46,0.705610255331078,0.3320433704697865,0.40739069003586087
raja,50.0,frontal_right,E3,mean,46,0.8807881554746189,0.6804910166782779,0.7308964460314431
raja,50.0,frontal_right,E3,median,46,0.8787692722895548,0.7023091891108196,0.7486168830486537
raja,50.0,frontal_right,E9,mean,46,0.8813016777542869,0.8254526212480683,0.8221202260760533
raja,50.0,frontal_right,E9,median,46,0.8780059131203908,0.8425847652712533,0.8343797881389154
raja,60.0,all_channel,E104,mean,46,0.16116601963845625,0.009666421401541909,0.017587070115448158
raja,60.0,all_channel,E104,median,46,0.1636449567564909,0.009610936160550941,0.017500944207165213
raja,60.0,all_channel,E109,mean,46,0.17243593618588565,0.015265245705814872,0.026499983566876373
raja,60.0,all_channel,E109,median,46,0.17306071007904542,0.01479983580763804,0.02578171724565897
raja,60.0,all_channel,E11,mean,46,0.8150976202718851,0.5777560592244921,0.6309883423090187
raja,60.0,all_channel,E11,median,46,0.8128376552863613,0.5965485990655196,0.6432964003307533
raja,60.0,all_channel,E112,mean,46,0.2861657137930993,0.01676243610534011,0.029777185958985663
raja,60.0,all_channel,E112,median,46,0.285282629655217,0.016468418388240508,0.029414184434314254
raja,60.0,all_channel,E117,mean,46,0.3750218512844885,0.05051124494101897,0.07990044770045036
raja,60.0,all_channel,E117,median,46,0.3746180976790955,0.05044613094847443,0.07982563045570133
raja,60.0,all_channel,E122,mean,46,0.29581264256869594,0.06023352381357324,0.09193253624022298
raja,60.0,all_channel,E122,median,46,0.2957808416697848,0.05978017072291019,0.09137253446747086
raja,60.0,all_channel,E124,mean,46,0.708410340424198,0.35560922814728607,0.4342817768227162
raja,60.0,all_channel,E124,median,46,0.7079590321151292,0.37525028477738137,0.451562815253361
raja,60.0,all_channel,E13,mean,46,0.3040633033243357,0.016604593628109784,0.030292017109948135
raja,60.0,all_channel,E13,median,46,0.3002689874951068,0.016319465024068815,0.029772516295364017
raja,60.0,all_channel,E22,mean,46,0.8704643063393322,0.8633552641709806,0.8492603944294378
raja,60.0,all_channel,E22,median,46,0.864468322567921,0.877531770915377,0.8566584271254173
raja,60.0,all_channel,E23,mean,46,0.8220502492806753,0.6954745076781742,0.7231114088415963
raja,60.0,all_channel,E23,median,46,0.8180190402278258,0.7109640722650663,0.7330536225964785
raja,60.0,all_channel,E24,mean,46,0.6470595025199187,0.3742768631701833,0.43907895012186293
raja,60.0,all_channel,E24,median,46,0.6438971312540493,0.3924374851888231,0.4528180957302261
raja,60.0,all_channel,E26,mean,46,0.6978135223519537,0.57733158003624,0.5967003184185667
raja,60.0,all_channel,E26,median,46,0.6929970114449866,0.5926174526223827,0.6063013362340892
raja,60.0,all_channel,E28,mean,46,0.38674688173531246,0.06537891583343503,0.10388711174794744
raja,60.0,all_channel,E28,median,46,0.3867619634770999,0.07031008958867921,0.1103267012610966
raja,60.0,all_channel,E3,mean,46,0.8739087611166901,0.7511298142179865,0.7870150899869458
raja,60.0,all_channel,E3,median,46,0.8711833113425401,0.7705388727286118,0.800186906350842
raja,60.0,all_channel,E33,mean,46,0.2070351248502237,0.047985101900603705,0.07186108656608309
raja,60.0,all_channel,E33,median,46,0.20863334817935475,0.04847553290298801,0.07240275714214318
raja,60.0,all_channel,E37,mean,46,0.14531469394447677,0.011804909481248842,0.021277451889088743
raja,60.0,all_channel,E37,median,46,0.14751378185580274,0.01171348227921167,0.021133744148761072
raja,60.0,all_channel,E40,mean,46,0.1477769326936489,0.013624814726401006,0.023873830275427627
raja,60.0,all_channel,E40,median,46,0.15225669537947792,0.013379850528370924,0.023550180923714973
raja,60.0,all_channel,E47,mean,46,0.11677364311960017,0.01022938924589942,0.01758268265727294
raja,60.0,all_channel,E47,median,46,0.12001819203429079,0.00997333812819047,0.017125532735686618
raja,60.0,all_channel,E59,mean,46,0.12225159855213204,0.01045649630036915,0.01817808942741882
raja,60.0,all_channel,E59,median,46,0.1152267436767328,0.009829005573478178,0.017187727292006013
raja,60.0,all_channel,E60,mean,46,0.1190660831645526,0.011650482662166914,0.02025728206321754
raja,60.0,all_channel,E60,median,46,0.12130387672337928,0.011389094613063559,0.019882589497157713
raja,60.0,all_channel,E62,mean,46,0.13795595889232845,0.016906426231652026,0.02879948531118687
raja,60.0,all_channel,E62,median,46,0.1365751810008331,0.016142362521944044,0.027574469915134524
raja,60.0,all_channel,E67,mean,46,0.13407190301408492,0.022902294052217716,0.03525644811326418
raja,60.0,all_channel,E67,median,46,0.13766418412571058,0.022359928445467196,0.03461103482184585
raja,60.0,all_channel,E70,mean,46,0.11625221479224408,0.012370085153969545,0.021017539028367685
raja,60.0,all_channel,E70,median,46,0.12351866613193957,0.011854604451875052,0.020223071143711514
raja,60.0,all_channel,E75,mean,46,0.12016068026600588,0.020973918888988474,0.03348093623445662
raja,60.0,all_channel,E75,median,46,0.12427858078934126,0.020497075444642104,0.03276290079077178
raja,60.0,all_channel,E77,mean,46,0.14230611941844235,0.018261543260610115,0.029927695857150417
raja,60.0,all_channel,E77,median,46,0.1444351733367759,0.018003582772303815,0.02955569126835795
raja,60.0,all_channel,E83,mean,46,0.10978777680602479,0.013616429622615665,0.021864355893438138
raja,60.0,all_channel,E83,median,46,0.11003211318808756,0.013227558586653237,0.0213265466486685
raja,60.0,all_channel,E84,mean,46,0.1179245220794445,0.01306551052008555,0.022495557656917232
raja,60.0,all_channel,E84,median,46,0.11809709503087702,0.012764796878704139,0.022024959443945644
raja,60.0,all_channel,E85,mean,46,0.11134275436631301,0.01017803765850072,0.01795720749567472
raja,60.0,all_channel,E85,median,46,0.11311937099789665,0.009938252592729823,0.017620908829098246
raja,60.0,all_channel,E87,mean,46,0.17011582329561467,0.010735037067517604,0.019343932791859204
raja,60.0,all_channel,E87,median,46,0.17175359930957593,0.010589363524089254,0.01911758886168292
raja,60.0,all_channel,E9,mean,46,0.8683536084210345,0.8719138034283926,0.8548565695100119
raja,60.0,all_channel,E9,median,46,0.8624423958955575,0.8871514114226876,0.8626711423212737
raja,60.0,all_channel,E91,mean,46,0.12949383629997838,0.011778641096549925,0.020182378666860262
raja,60.0,all_channel,E91,median,46,0.13297525743604566,0.01110296641544166,0.0190502426212944
raja,60.0,all_channel,E98,mean,46,0.1091888922652757,0.009974381073423867,0.017638430782235984
raja,60.0,all_channel,E98,median,46,0.10925125689470051,0.00974224695934758,0.017275368873476648
raja,60.0,frontal,E124,mean,46,0.7157175175263385,0.32984737278388204,0.40701183955161746
raja,60.0,frontal,E124,median,46,0.7156530068594394,0.34744552066302936,0.422584027630894
raja,60.0,frontal,E22,mean,46,0.883553730749972,0.8323649414286688,0.827295528640895
raja,60.0,frontal,E22,median,46,0.8784442176959683,0.849199976470518,0.838668985313817
raja,60.0,frontal,E23,mean,46,0.8327093267375937,0.6505663538918803,0.6886628929256957
raja,60.0,frontal,E23,median,46,0.8295546055628072,0.6654552661973395,0.6994452870374153
raja,60.0,frontal,E24,mean,46,0.646119929630502,0.34104983540525213,0.40743643638793275
raja,60.0,frontal,E24,median,46,0.6429553801954981,0.35873266122211034,0.4208895306548908
raja,60.0,frontal,E3,mean,46,0.8827156070810939,0.6928832663931896,0.741250408821756
raja,60.0,frontal,E3,median,46,0.8788992633934732,0.722363411965192,0.7642761881364722
raja,60.0,frontal,E9,mean,46,0.883819105318884,0.8381722560870359,0.8345722544888005
raja,60.0,frontal,E9,median,46,0.8777354802946631,0.856789935611722,0.846658043571047
raja,60.0,frontal_left,E22,mean,46,0.8825305352090144,0.8234568833471895,0.8182651276102054
raja,60.0,frontal_left,E22,median,46,0.8785627203755952,0.8398541012980433,0.8299277876114747
raja,60.0,frontal_left,E23,mean,46,0.8307540680417781,0.6422183367855698,0.6782553918417626
raja,60.0,frontal_left,E23,median,46,0.8299452854868719,0.6558533437171491,0.6890503274746768
raja,60.0,frontal_left,E24,mean,46,0.6406666745227045,0.3404240548647249,0.4008921695439413
raja,60.0,frontal_left,E24,median,46,0.6374582807475904,0.35712986042476225,0.4133460429330561
raja,60.0,frontal_right,E124,mean,46,0.7136244069212365,0.3316964002772735,0.40442299521585917
raja,60.0,frontal_right,E124,median,46,0.7128744788362451,0.34837978961910704,0.41953440311888984
raja,60.0,frontal_right,E3,mean,46,0.8797101632694336,0.6855558714619977,0.7335829509245467
raja,60.0,frontal_right,E3,median,46,0.8773140182775884,0.7152536414613799,0.7570729531163309
raja,60.0,frontal_right,E9,mean,46,0.8822337847990461,0.8330839894784914,0.8298244236738195
raja,60.0,frontal_right,E9,median,46,0.8766184488830896,0.8508321524423585,0.8413371382981623
raja,120.0,all_channel,E104,mean,46,0.15839525391373196,0.009436858754409744,0.017184102559702083
raja,120.0,all_channel,E104,median,46,0.15830950100759306,0.009301316849795186,0.016950788207030425
raja,120.0,all_channel,E109,mean,46,0.16809499930508928,0.015044812498805665,0.0261577954540856
raja,120.0,all_channel,E109,median,46,0.16939827220790651,0.014296645152239398,0.025079370018016717
raja,120.0,all_channel,E11,mean,46,0.8228863427866766,0.5628485216100343,0.6260555702543305
raja,120.0,all_channel,E11,median,46,0.8207761183505121,0.5801716480239311,0.6381348661741981
raja,120.0,all_channel,E112,mean,46,0.28317568019381023,0.015726392884642563,0.02857322572950771
raja,120.0,all_channel,E112,median,46,0.28087776976245116,0.015373691967629569,0.028077870375335972
raja,120.0,all_channel,E117,mean,46,0.3868714419593512,0.047619333483366354,0.07662814834567111
raja,120.0,all_channel,E117,median,46,0.3888816033586947,0.04808160989276966,0.07729651358083725
raja,120.0,all_channel,E122,mean,46,0.2955124929498245,0.05673568057036204,0.08825177439483033
raja,120.0,all_channel,E122,median,46,0.2952836354055916,0.05605108072746979,0.08737596487746534
raja,120.0,all_channel,E124,mean,46,0.7166454846221688,0.3415656992680058,0.42664473959741833
raja,120.0,all_channel,E124,median,46,0.7152673834827423,0.35915181021757187,0.4422650025797077
raja,120.0,all_channel,E13,mean,46,0.2985021661134325,0.015369085899299577,0.02808104495313331
raja,120.0,all_channel,E13,median,46,0.30219322688855593,0.015417036675541538,0.028165312360410137
raja,120.0,all_channel,E22,mean,46,0.8744109192923832,0.8447294784799312,0.8438491637296286
raja,120.0,all_channel,E22,median,46,0.868457137720807,0.8574853272844374,0.8504031295566885
raja,120.0,all_channel,E23,mean,46,0.829852302800992,0.6815311759874613,0.7204297228587152
raja,120.0,all_channel,E23,median,46,0.8286055154283376,0.6962107919542283,0.7312970801423357
raja,120.0,all_channel,E24,mean,46,0.6479723730084176,0.3615561106325417,0.4326352614508282
raja,120.0,all_channel,E24,median,46,0.6466963493016378,0.37994227780170226,0.44698852554394425
raja,120.0,all_channel,E26,mean,46,0.6945078561059678,0.5616598789973043,0.5889445990252026
raja,120.0,all_channel,E26,median,46,0.690647756226954,0.5778867153523755,0.5988611767873515
raja,120.0,all_channel,E28,mean,46,0.38570615100055405,0.06954813473031994,0.1093713414579761
raja,120.0,all_channel,E28,median,46,0.3832169786543008,0.07272860626336172,0.11329899763326819
raja,120.0,all_channel,E3,mean,46,0.8778701992476106,0.7306115744322885,0.7786343115115794
raja,120.0,all_channel,E3,median,46,0.8758248974209933,0.7496909668015157,0.791911988074825
raja,120.0,all_channel,E33,mean,46,0.2081579561541637,0.04784978751011081,0.07152648230297769
raja,120.0,all_channel,E33,median,46,0.20895684645514695,0.04826043799983646,0.07177413525352709
raja,120.0,all_channel,E37,mean,46,0.14637784771474951,0.011560452863763549,0.020839911393665173
raja,120.0,all_channel,E37,median,46,0.14658894571397874,0.011346642000668612,0.020480543055888617
raja,120.0,all_channel,E40,mean,46,0.1483883864417999,0.013744373335967416,0.024081774221056756
raja,120.0,all_channel,E40,median,46,0.14696213056303642,0.013217210263685521,0.023229006192932534
raja,120.0,all_channel,E47,mean,46,0.1146805881650906,0.01007477248002155,0.017291943802944895
raja,120.0,all_channel,E47,median,46,0.11977262683515214,0.009956609310590996,0.01709089217393464
raja,120.0,all_channel,E59,mean,46,0.11953467256286561,0.010589625754824082,0.0183924954826978
raja,120.0,all_channel,E59,median,46,0.11786170236222551,0.01001948841183873,0.017511924417715943
raja,120.0,all_channel,E60,mean,46,0.12280319796588035,0.01153875272450032,0.02013312723303819
raja,120.0,all_channel,E60,median,46,0.12114643964845585,0.01105311412451121,0.01934818878188953
raja,120.0,all_channel,E62,mean,46,0.1370010552348497,0.01613081821142783,0.027809104326776614
raja,120.0,all_channel,E62,median,46,0.13771750411692626,0.015534502408961436,0.026883345925086392
raja,120.0,all_channel,E67,mean,46,0.1319984964474301,0.022408140500873967,0.03484662915470722
raja,120.0,all_channel,E67,median,46,0.13612196736031074,0.021846873393088825,0.034170918325857336
raja,120.0,all_channel,E70,mean,46,0.11467243485744102,0.012002436891342559,0.020357004054976948
raja,120.0,all_channel,E70,median,46,0.12038557165868367,0.011648992091994584,0.01987302369054755
raja,120.0,all_channel,E75,mean,46,0.1216894389085864,0.020713882674192136,0.03299447120249349
raja,120.0,all_channel,E75,median,46,0.12549705255371685,0.02040168591370408,0.032533709323292616
raja,120.0,all_channel,E77,mean,46,0.14283125127066396,0.018083164670466657,0.029784914641594593
raja,120.0,all_channel,E77,median,46,0.14360027622423044,0.017603199737747044,0.029067984008659266
raja,120.0,all_channel,E83,mean,46,0.1093366601757084,0.013550748455213073,0.021684631937524602
raja,120.0,all_channel,E83,median,46,0.10862862891848034,0.013157865274686376,0.021155071717881536
raja,120.0,all_channel,E84,mean,46,0.11683590805966233,0.012862155287410292,0.022193046710004084
raja,120.0,all_channel,E84,median,46,0.12043261326208526,0.012656358797936987,0.021890968945325683
raja,120.0,all_channel,E85,mean,46,0.11083467566365553,0.010699797987873808,0.01887825437860504
raja,120.0,all_channel,E85,median,46,0.11006231888183951,0.010046193749223616,0.017829418235683528
raja,120.0,all_channel,E87,mean,46,0.16251417939108,0.010466872853749367,0.01878454208915472
raja,120.0,all_channel,E87,median,46,0.16646069615400272,0.01039562192208039,0.01871373660164766
raja,120.0,all_channel,E9,mean,46,0.8725930459314905,0.8511328312292875,0.8479516075798692
raja,120.0,all_channel,E9,median,46,0.8672154001859561,0.8655830523591809,0.8557436984274255
raja,120.0,all_channel,E91,mean,46,0.1275923620156768,0.011086008133857387,0.01925830580191879
raja,120.0,all_channel,E91,median,46,0.13309579845287997,0.010609014352395574,0.018514586432706957
raja,120.0,all_channel,E98,mean,46,0.11055530915560673,0.009951110944443148,0.017607192271227118
raja,120.0,all_channel,E98,median,46,0.11180721988257558,0.009573390734978707,0.016984392054930825
raja,120.0,frontal,E124,mean,46,0.7182623314305059,0.3202182186697189,0.40500610644805746
raja,120.0,frontal,E124,median,46,0.7183858209448847,0.3394473489736613,0.4220357836847657
raja,120.0,frontal,E22,mean,46,0.8712211540686117,0.8038605574797246,0.8201354073450773
raja,120.0,frontal,E22,median,46,0.8652357016154412,0.8209961014950381,0.8301060810633237
raja,120.0,frontal,E23,mean,46,0.8201901372050193,0.6391506303629959,0.6882322858803348
raja,120.0,frontal,E23,median,46,0.8151026259164421,0.6553134999410876,0.6993688345327906
raja,120.0,frontal,E24,mean,46,0.6380041130138263,0.34562541889537496,0.41572583017211584
raja,120.0,frontal,E24,median,46,0.6367515853445973,0.3638358153135438,0.4300811632958394
raja,120.0,frontal,E3,mean,46,0.8715976979721296,0.6754935899632966,0.7373387717844915
raja,120.0,frontal,E3,median,46,0.8689350566391517,0.7010327123348982,0.7561842519126571
raja,120.0,frontal,E9,mean,46,0.8667588915051833,0.8123922458189405,0.823769956634376
raja,120.0,frontal,E9,median,46,0.861285972757618,0.8284279206219469,0.8331331490281372
raja,120.0,frontal_left,E22,mean,46,0.8686387585079854,0.8026174454034524,0.8175122387713539
raja,120.0,frontal_left,E22,median,46,0.8633642517387834,0.8197237923838052,0.8277393554801675
raja,120.0,frontal_left,E23,mean,46,0.8192726458048377,0.6440720038376344,0.6897006463644599
raja,120.0,frontal_left,E23,median,46,0.8124955862884444,0.6595155876772975,0.6997884805653115
raja,120.0,frontal_left,E24,mean,46,0.6359277837108257,0.35397961856322785,0.4211865077835926
raja,120.0,frontal_left,E24,median,46,0.6348120641246116,0.3720803626589656,0.4354603920625522
raja,120.0,frontal_right,E124,mean,46,0.714475435152084,0.3227856664710939,0.4057171660728747
raja,120.0,frontal_right,E124,median,46,0.7137845390105413,0.34113791581976144,0.4215354249294892
raja,120.0,frontal_right,E3,mean,46,0.8671000336358432,0.6788515330474326,0.7349379896565631
raja,120.0,frontal_right,E3,median,46,0.8647121266693371,0.7044161305898077,0.7539878255550244
raja,120.0,frontal_right,E9,mean,46,0.8628673774516026,0.8117188604714591,0.8190594645820568
raja,120.0,frontal_right,E9,median,46,0.8568993001297214,0.8276740116839235,0.8280977488296802
