dataset,iou_threshold,selection,channel,n_sessions,precision,recall,f1
cao2018,0.0,frontal,F3,1,1.0,0.7696078431372549,0.8698060941828256
cao2018,0.0,frontal,F4,1,1.0,0.8799019607843137,0.9361147327249022
cao2018,0.0,frontal,FP1,1,0.6126126126126126,1.0,0.7597765363128491
cao2018,0.0,frontal,FP2,1,0.7132867132867133,1.0,0.8326530612244898
cao2018,0.0,frontal_left,F3,1,1.0,0.7352941176470589,0.8474576271186441
cao2018,0.0,frontal_left,FP1,1,0.6126126126126126,1.0,0.7597765363128491
cao2018,0.0,frontal_right,F4,1,1.0,0.7377450980392157,0.849083215796897
cao2018,0.0,frontal_right,FP2,1,0.9006622516556292,1.0,0.9477351916376306
cao2018,0.1,frontal,F3,1,0.1942675159235669,0.14950980392156862,0.1689750692520776
cao2018,0.1,frontal,F4,1,0.21727019498607242,0.19117647058823528,0.20338983050847456
cao2018,0.1,frontal,FP1,1,0.496996996996997,0.8112745098039216,0.6163873370577281
cao2018,0.1,frontal,FP2,1,0.45104895104895104,0.6323529411764706,0.5265306122448979
cao2018,0.1,frontal_left,F3,1,0.2,0.14705882352941177,0.16949152542372883
cao2018,0.1,frontal_left,FP1,1,0.496996996996997,0.8112745098039216,0.6163873370577281
cao2018,0.1,frontal_right,F4,1,0.21262458471760798,0.1568627450980392,0.18053596614950637
cao2018,0.1,frontal_right,FP2,1,0.46799116997792495,0.5196078431372549,0.4924506387921022
cao2018,0.2,frontal,F3,1,0.1337579617834395,0.10294117647058823,0.11634349030470914
cao2018,0.2,frontal,F4,1,0.16991643454038996,0.14950980392156862,0.15906127770534548
cao2018,0.2,frontal,FP1,1,0.44294294294294295,0.7230392156862745,0.5493482309124768
cao2018,0.2,frontal,FP2,1,0.3741258741258741,0.5245098039215687,0.43673469387755104
cao2018,0.2,frontal_left,F3,1,0.13333333333333333,0.09803921568627451,0.11299435028248588
cao2018,0.2,frontal_left,FP1,1,0.44294294294294295,0.7230392156862745,0.5493482309124768
cao2018,0.2,frontal_right,F4,1,0.1760797342192691,0.12990196078431374,0.14950634696755993
cao2018,0.2,frontal_right,FP2,1,0.3686534216335541,0.40931372549019607,0.3879210220673635
cao2018,0.3,frontal,F3,1,0.0732484076433121,0.056372549019607844,0.06371191135734071
cao2018,0.3,frontal,F4,1,0.10027855153203342,0.08823529411764706,0.0938722294654498
cao2018,0.3,frontal,FP1,1,0.3108108108108108,0.5073529411764706,0.38547486033519557
cao2018,0.3,frontal,FP2,1,0.23776223776223776,0.3333333333333333,0.27755102040816326
cao2018,0.3,frontal_left,F3,1,0.07333333333333333,0.05392156862745098,0.06214689265536723
cao2018,0.3,frontal_left,FP1,1,0.3108108108108108,0.5073529411764706,0.38547486033519557
cao2018,0.3,frontal_right,F4,1,0.09634551495016612,0.07107843137254902,0.08180535966149508
cao2018,0.3,frontal_right,FP2,1,0.2141280353200883,0.23774509803921567,0.22531939605110335
cao2018,0.5,frontal,F3,1,0.0031847133757961785,0.0024509803921568627,0.0027700831024930752
cao2018,0.5,frontal,F4,1,0.03064066852367688,0.02696078431372549,0.02868318122555411
cao2018,0.5,frontal,FP1,1,0.06606606606606606,0.10784313725490197,0.08193668528864059
cao2018,0.5,frontal,FP2,1,0.04895104895104895,0.06862745098039216,0.05714285714285714
cao2018,0.5,frontal_left,F3,1,0.0033333333333333335,0.0024509803921568627,0.002824858757062147
cao2018,0.5,frontal_left,FP1,1,0.06756756756756757,0.11029411764705882,0.08379888268156424
cao2018,0.5,frontal_right,F4,1,0.029900332225913623,0.022058823529411766,0.025387870239774332
cao2018,0.5,frontal_right,FP2,1,0.046357615894039736,0.051470588235294115,0.04878048780487805
